{
  "AOT_RETRIEVAL_ACCURACY": 0,
  "AOT_RETRIEVAL_METHOD": "SEN2COR_DDV",
  "BOA_ADD_OFFSET_B1": -1000,
  "BOA_ADD_OFFSET_B10": -1000,
  "BOA_ADD_OFFSET_B11": -1000,
  "BOA_ADD_OFFSET_B12": -1000,
  "BOA_ADD_OFFSET_B2": -1000,
  "BOA_ADD_OFFSET_B3": -1000,
  "BOA_ADD_OFFSET_B4": -1000,
  "BOA_ADD_OFFSET_B5": -1000,
  "BOA_ADD_OFFSET_B6": -1000,
  "BOA_ADD_OFFSET_B7": -1000,
  "BOA_ADD_OFFSET_B8": -1000,
  "BOA_ADD_OFFSET_B8A": -1000,
  "BOA_ADD_OFFSET_B9": -1000,
  "CLOUDY_PIXEL_OVER_LAND_PERCENTAGE": 9.130771,
  "CLOUDY_PIXEL_PERCENTAGE": 9.118689,
  "CLOUD_COVERAGE_ASSESSMENT": 9.118689,
  "CLOUD_SHADOW_PERCENTAGE": 2.409382,
  "DARK_FEATURES_PERCENTAGE": 0.065162,
  "DATASTRIP_ID": "S2B_OPER_MSI_L2A_DS_2BPS_20230826T205820_S20230826T153029_N05.09",
  "DATATAKE_IDENTIFIER": "GS2B_20230826T152639_033799_N05.09",
  "DATATAKE_TYPE": "INS-NOBS",
  "DEGRADED_MSI_DATA_PERCENTAGE": 0.0008,
  "FORMAT_CORRECTNESS": "PASSED",
  "GENERAL_QUALITY": "PASSED",
  "GENERATION_TIME": 1693083500000,
  "GEOMETRIC_QUALITY": "PASSED",
  "GRANULE_ID": "L2A_T18NWL_A033799_20230826T153029",
  "GRANULE_MEAN_AOT": 0.147945,
  "GRANULE_MEAN_WV": 2.155727,
  "HIGH_PROBA_CLOUDS_PERCENTAGE": 2.770751,
  "L2A_QUALITY": "PASSED",
  "MEAN_INCIDENCE_AZIMUTH_ANGLE_B1": 204.571744141274,
  "MEAN_INCIDENCE_AZIMUTH_ANGLE_B10": 207.179880135517,
  "MEAN_INCIDENCE_AZIMUTH_ANGLE_B11": 205.830132256291,
  "MEAN_INCIDENCE_AZIMUTH_ANGLE_B12": 205.003897936851,
  "MEAN_INCIDENCE_AZIMUTH_ANGLE_B2": 210.578811579547,
  "MEAN_INCIDENCE_AZIMUTH_ANGLE_B3": 208.104619334356,
  "MEAN_INCIDENCE_AZIMUTH_ANGLE_B4": 206.631232113417,
  "MEAN_INCIDENCE_AZIMUTH_ANGLE_B5": 206.037802802587,
  "MEAN_INCIDENCE_AZIMUTH_ANGLE_B6": 205.565267205256,
  "MEAN_INCIDENCE_AZIMUTH_ANGLE_B7": 205.174179880362,
  "MEAN_INCIDENCE_AZIMUTH_ANGLE_B8": 209.199685256436,
  "MEAN_INCIDENCE_AZIMUTH_ANGLE_B8A": 204.859858461786,
  "MEAN_INCIDENCE_AZIMUTH_ANGLE_B9": 204.353696791636,
  "MEAN_INCIDENCE_ZENITH_ANGLE_B1": 3.32865969698724,
  "MEAN_INCIDENCE_ZENITH_ANGLE_B10": 2.89261579996362,
  "MEAN_INCIDENCE_ZENITH_ANGLE_B11": 3.06538519715171,
  "MEAN_INCIDENCE_ZENITH_ANGLE_B12": 3.26134304348904,
  "MEAN_INCIDENCE_ZENITH_ANGLE_B2": 2.70230931247032,
  "MEAN_INCIDENCE_ZENITH_ANGLE_B3": 2.80843977625911,
  "MEAN_INCIDENCE_ZENITH_ANGLE_B4": 2.9273799036935,
  "MEAN_INCIDENCE_ZENITH_ANGLE_B5": 2.99925437723433,
  "MEAN_INCIDENCE_ZENITH_ANGLE_B6": 3.07556770795705,
  "MEAN_INCIDENCE_ZENITH_ANGLE_B7": 3.15598040008246,
  "MEAN_INCIDENCE_ZENITH_ANGLE_B8": 2.75197528366205,
  "MEAN_INCIDENCE_ZENITH_ANGLE_B8A": 3.23997398294293,
  "MEAN_INCIDENCE_ZENITH_ANGLE_B9": 3.42168484071681,
  "MEAN_SOLAR_AZIMUTH_ANGLE": 74.7451294090777,
  "MEAN_SOLAR_ZENITH_ANGLE": 22.4688493681817,
  "MEDIUM_PROBA_CLOUDS_PERCENTAGE": 2.776517,
  "MGRS_TILE": "18NWL",
  "NODATA_PIXEL_PERCENTAGE": 0,
  "NOT_VEGETATED_PERCENTAGE": 7.777609,
  "OZONE_SOURCE": "AUX_ECMWFT",
  "OZONE_VALUE": 278.680636,
  "PROCESSING_BASELINE": "05.09",
  "PRODUCT_ID": "S2B_MSIL2A_20230826T152639_N0509_R025_T18NWL_20230826T205820",
  "RADIATIVE_TRANSFER_ACCURACY": 0,
  "RADIOMETRIC_QUALITY": "PASSED",
  "REFLECTANCE_CONVERSION_CORRECTION": 0.977889852476909,
  "SATURATED_DEFECTIVE_PIXEL_PERCENTAGE": 0,
  "SENSING_ORBIT_DIRECTION": "DESCENDING",
  "SENSING_ORBIT_NUMBER": 25,
  "SENSOR_QUALITY": "PASSED",
  "SNOW_ICE_PERCENTAGE": 0,
  "SOLAR_IRRADIANCE_B1": 1874.3,
  "SOLAR_IRRADIANCE_B10": 365.41,
  "SOLAR_IRRADIANCE_B11": 247.08,
  "SOLAR_IRRADIANCE_B12": 87.75,
  "SOLAR_IRRADIANCE_B2": 1959.75,
  "SOLAR_IRRADIANCE_B3": 1824.93,
  "SOLAR_IRRADIANCE_B4": 1512.79,
  "SOLAR_IRRADIANCE_B5": 1425.78,
  "SOLAR_IRRADIANCE_B6": 1291.13,
  "SOLAR_IRRADIANCE_B7": 1175.57,
  "SOLAR_IRRADIANCE_B8": 1041.28,
  "SOLAR_IRRADIANCE_B8A": 953.93,
  "SOLAR_IRRADIANCE_B9": 817.58,
  "SPACECRAFT_NAME": "Sentinel-2B",
  "THIN_CIRRUS_PERCENTAGE": 3.5714209999999995,
  "UNCLASSIFIED_PERCENTAGE": 0.31475,
  "VEGETATION_PERCENTAGE": 80.089277,
  "WATER_PERCENTAGE": 0.225135,
  "WATER_VAPOUR_RETRIEVAL_ACCURACY": 0
}