<?xml version="1.0" encoding="utf-8" ?>
<kml xmlns="http://www.opengis.net/kml/2.2">
<Document id="root_doc">
<Schema name="area_estudio_usme" id="area_estudio_usme">
	<SimpleField name="fid" type="float"></SimpleField>
	<SimpleField name="LocNombre" type="string"></SimpleField>
	<SimpleField name="LocAAdmini" type="string"></SimpleField>
	<SimpleField name="LocArea" type="float"></SimpleField>
	<SimpleField name="LocCodigo" type="string"></SimpleField>
	<SimpleField name="SHAPE_Leng" type="float"></SimpleField>
	<SimpleField name="SHAPE_Area" type="float"></SimpleField>
</Schema>
<Folder><name>area_estudio_usme</name>
  <Placemark id="area_estudio_usme.1">
	<Style><LineStyle><color>ff0000ff</color></LineStyle><PolyStyle><fill>0</fill></PolyStyle></Style>
	<ExtendedData><SchemaData schemaUrl="#area_estudio_usme">
		<SimpleData name="fid">1</SimpleData>
		<SimpleData name="LocNombre">USME</SimpleData>
		<SimpleData name="LocAAdmini">Acuerdo 15 de 1993</SimpleData>
		<SimpleData name="LocArea">215066686.644</SimpleData>
		<SimpleData name="LocCodigo">05</SimpleData>
		<SimpleData name="SHAPE_Leng">0.98296930022</SimpleData>
		<SimpleData name="SHAPE_Area">0.01750825047</SimpleData>
	</SchemaData></ExtendedData>
      <MultiGeometry><Polygon><outerBoundaryIs><LinearRing><coordinates>-74.0559679129999,4.50832112600006 -74.0561138389999,4.50821713600004 -74.0565662739999,4.50795999400009 -74.0567648199999,4.50715720200009 -74.0568612929999,4.50611661400006 -74.0570679129999,4.50544016400005 -74.0571822759999,4.50479562000004 -74.0572735989999,4.50437388400007 -74.0572700069999,4.50386943700005 -74.0572943049999,4.50317657800008 -74.0575168219999,4.50254638700005 -74.0579671169999,4.50193952900008 -74.0584627969999,4.50134538900005 -74.0588597269999,4.50038746700005 -74.0589940159999,4.49964024500008 -74.0595062829999,4.49863961100004 -74.0594405139999,4.49789843500008 -74.0592751339999,4.49746409500005 -74.059210301,4.49711274600008 -74.0595253959999,4.49665127900005 -74.0599844689999,4.49614209000009 -74.0604488879999,4.49565027500006 -74.0607126859999,4.49518166700005 -74.0609269249999,4.49486072100007 -74.0611730559999,4.49441457000006 -74.0613531669999,4.49408705200005 -74.0616050429999,4.49385311600008 -74.0615016529999,4.49344908100005 -74.0614077809999,4.49290203900006 -74.0612914639999,4.49234291700009 -74.0614672449999,4.49175163000007 -74.0619946389999,4.49125000400005 -74.0624189439999,4.49076284300008 -74.0626966819999,4.49020292500006 -74.0632582019999,4.48970794100006 -74.0636983319999,4.48926703700005 -74.0640625969999,4.48888714000009 -74.0643369659999,4.48824113300009 -74.0647090779999,4.48756915000007 -74.064801385,4.48710737000005 -74.0650977729999,4.48649067200006 -74.0653223219999,4.48642219600009 -74.0657412249999,4.48634753000005 -74.0662403449999,4.48626362100009 -74.0669125509999,4.48632761400006 -74.0674730719999,4.48650896500004 -74.0682011179999,4.48683242300007 -74.0689252589999,4.48687488000007 -74.0704271449999,4.48645118600007 -74.0717856899999,4.48605226000006 -74.0726405439999,4.48569133900008 -74.0735348019999,4.48535443500009 -74.0743021099999,4.48506560800007 -74.0748346739999,4.48479914200004 -74.0753374669999,4.48457772700004 -74.0753279979999,4.48429093500005 -74.0752795009999,4.48375654000006 -74.0751641389999,4.48273322900008 -74.075087875,4.48195737800006 -74.0750567349999,4.48098788900006 -74.0751483959999,4.47991283400006 -74.0752077889999,4.47855034800006 -74.0753325869999,4.47751625700005 -74.0755791019999,4.47662878900007 -74.0756867339999,4.47623621800005 -74.0756958699999,4.47568050200005 -74.0756814999999,4.47515282000006 -74.0758788629999,4.47460792900006 -74.0760141669999,4.47403266400005 -74.0761410849999,4.47356036400009 -74.0761201689999,4.47306114100007 -74.0758906769999,4.47267665600009 -74.0755443209999,4.47217436100004 -74.0752512389999,4.47160477100005 -74.0751626129999,4.47128717900006 -74.0750584649999,4.47069974100009 -74.0750444709999,4.46994275200007 -74.075082387,4.46938209600006 -74.0752420419999,4.46875019600009 -74.0757225659999,4.46808111200005 -74.076033445,4.46735014700005 -74.0765785689999,4.46661397900004 -74.0770424139999,4.46592723800006 -74.0771259469999,4.46515578200007 -74.0768855259999,4.46432391000008 -74.0766110509999,4.46348539800005 -74.0766101149999,4.46266576900007 -74.0766346199999,4.46253818700006 -74.0767097839999,4.46214681900005 -74.0768847299999,4.46179628600004 -74.0772707909999,4.46145698300006 -74.0776968399999,4.46111316500009 -74.0782346509999,4.46086400000007 -74.0781047609999,4.46189892000007 -74.0788695159999,4.46188200500006 -74.0796170839999,4.46171032900008 -74.0801193319999,4.46134391800007 -74.0804277759999,4.46078286700009 -74.0806904929999,4.45991799400008 -74.0808618619999,4.45929383300006 -74.0810960999999,4.45860667300008 -74.0813986759999,4.45815997000005 -74.0819237859999,4.45789670300007 -74.0826427909999,4.45780529100006 -74.0831278929999,4.45773103400006 -74.0835387889999,4.45758797800005 -74.0838185429999,4.45749064900008 -74.0840582359999,4.45719869500005 -74.0843721389999,4.45694100900005 -74.0845833619999,4.45674640900006 -74.0848116849999,4.45667773000008 -74.0851026859999,4.45670650200009 -74.0853594509999,4.45683823200005 -74.0858102119999,4.45704455500004 -74.0860612029999,4.45727951400005 -74.0864891869999,4.45738848000008 -74.0868942879999,4.45756614300007 -74.0872422709999,4.45790994600009 -74.0875673779999,4.45827083400007 -74.0878925749999,4.45862602400007 -74.0883147769999,4.45894117900008 -74.088719883,4.45906731600007 -74.0892847709999,4.45915342100005 -74.0896499859999,4.45918789400008 -74.0900666379999,4.45911922900007 -74.0904261029999,4.45898764600008 -74.0907515279999,4.45879296300006 -74.0910995609999,4.45858119700006 -74.0914021119999,4.45836364200005 -74.0915334399999,4.45823764200009 -74.0918188889999,4.45787699000005 -74.0920473279999,4.45748189300008 -74.0922242449999,4.45716118600006 -74.0925667989999,4.45676040300009 -74.0927437979999,4.45650839600006 -74.0929663709999,4.45626226900009 -74.0932175849999,4.45602744300004 -74.0935428219999,4.45589585400006 -74.0938395939999,4.45583296300009 -74.0944216939999,4.45576440000008 -74.0948154619999,4.45575304300007 -74.0953004669999,4.45575886600005 -74.0955516609999,4.45573610600007 -74.0960367729999,4.45551286800008 -74.0966702219999,4.45528394700005 -74.0971267779999,4.45511801700007 -74.0975547799999,4.45499782500008 -74.0979771129999,4.45479754100006 -74.0983994449999,4.45460864700004 -74.0989474249999,4.45431101800006 -74.0993412119999,4.45403046100006 -74.0997749929999,4.45369277600008 -74.1001574299999,4.45342930200007 -74.100665423,4.45309731800006 -74.1010021019999,4.45289124200008 -74.1013046449999,4.45270233700006 -74.1015044189999,4.45257643200006 -74.1019666389999,4.45250776400007 -74.1024517309999,4.45251367200007 -74.1028739579999,4.45249661800005 -74.1032791729999,4.45233637500007 -74.1036501739999,4.45202715800008 -74.1039470469999,4.45174668300007 -74.1043352549999,4.45133441700006 -74.10464916,4.45092784100007 -74.1049517239999,4.45037816900009 -74.1050317369999,4.44986265100005 -74.1051746179999,4.44926135200006 -74.1051805059999,4.44875730900009 -74.1051635229999,4.44816169600006 -74.1052093999999,4.44764626600005 -74.1054891889999,4.44688461600009 -74.1057917499999,4.44637498700007 -74.1060371979999,4.44604289200009 -74.1063284049999,4.44557321700006 -74.1067851579999,4.44502925000006 -74.1072702689999,4.44464564300006 -74.1076869299999,4.44425633700007 -74.1081663689999,4.44383838100009 -74.1086914619999,4.44351778100008 -74.1091137929999,4.44321435100005 -74.1094564369999,4.44253866800005 -74.1096735439999,4.44164530600005 -74.1099077579999,4.44084351500004 -74.1101361029999,4.44028805100004 -74.1101990879999,4.43976683600005 -74.1101194239999,4.43903372700004 -74.1101652139999,4.43839228700006 -74.1103765349999,4.43785399500007 -74.1107134079999,4.43722974700006 -74.1111415089999,4.43672021400005 -74.1116495139999,4.43589556800009 -74.1120377169999,4.43533432700008 -74.1121005969999,4.43505953000005 -74.1121178199999,4.43468719300006 -74.1125119269999,4.43323257700007 -74.112649142,4.43234481400009 -74.1128433599999,4.43156598000007 -74.1130775699999,4.43069548900007 -74.113077889,4.42982498300006 -74.1130381239999,4.42903456600004 -74.1130956639999,4.42755687900006 -74.1132099989999,4.42670934100005 -74.1132786609999,4.42606790100007 -74.1132788789999,4.42536914700008 -74.1131934479999,4.42467029800008 -74.1131536649999,4.42421217300006 -74.1132907669999,4.42370244200009 -74.1133307769999,4.42329584700008 -74.1131996779999,4.42270013500007 -74.1131883489999,4.42237362800006 -74.1132684309999,4.42205300000006 -74.1132001119999,4.42134276200005 -74.1131546649999,4.42072988000007 -74.1131091199999,4.42022583500005 -74.1130635739999,4.41977909900004 -74.1130580149999,4.41933245600006 -74.1129154839999,4.41864508400005 -74.1128701309999,4.41794632700004 -74.1130014749999,4.41729919500006 -74.1130187969999,4.41676080300005 -74.1130589089999,4.41611357600004 -74.1132873299999,4.41562111500008 -74.1134984509999,4.41529471000007 -74.1137268629999,4.41496261000009 -74.1139152969999,4.41444149200004 -74.1141151719999,4.41388023900009 -74.1142864829999,4.41357670100007 -74.1143892649999,4.41315862900007 -74.1142809449999,4.41273476000009 -74.1142583709999,4.41212775600007 -74.1137964099999,4.41119403900007 -74.1134998739999,4.41058674900006 -74.1133686629999,4.41044934100006 -74.1131233609999,4.41005981500007 -74.1131520259999,4.40956146800005 -74.1134946689999,4.40856506100005 -74.1138543109999,4.40795807700005 -74.1143624719999,4.40713921200006 -74.1145965669999,4.40658365700006 -74.1147164609999,4.40610258000004 -74.1146938889999,4.40545543900009 -74.1147226739999,4.40437865300004 -74.1147171259999,4.40371433900009 -74.1146775559999,4.40263185400005 -74.1145864559999,4.40185860900004 -74.1145067969999,4.40101096900008 -74.1144784659999,4.40031212200006 -74.1144272589999,4.39959058600004 -74.1144731329999,4.39894905300008 -74.1145588979999,4.39838779400009 -74.1146388849999,4.39808425000007 -74.1146675439999,4.39769483000009 -74.1145762469999,4.39727096200005 -74.1144794559999,4.39685287800006 -74.1142855729999,4.39660075600005 -74.1141658219999,4.39609101100007 -74.1141259429999,4.39577028800005 -74.1140974989999,4.39549530400006 -74.1137495379999,4.39502559200008 -74.1134244439999,4.39470476100007 -74.1130764799999,4.39432092400006 -74.1131622439999,4.39378832000006 -74.1132194639999,4.39315257300007 -74.1133394499999,4.39263145300009 -74.1134194439999,4.39221907400008 -74.1135394319999,4.39163494600007 -74.1135396469999,4.39097054200005 -74.113619647,4.39043793700006 -74.1136939739999,4.38988815700009 -74.1138596199999,4.38933838200006 -74.1138198539999,4.38857662000004 -74.1138199769999,4.38795804400007 -74.1137802959999,4.38732807900004 -74.1137689769999,4.38677250800009 -74.113774755,4.38650322100005 -74.1137120849999,4.38631429300005 -74.1134611019999,4.38619396300004 -74.1131643639999,4.38615941500007 -74.1121714849999,4.38610187000006 -74.1117606469999,4.38604453600004 -74.1114640929999,4.38595276800004 -74.111218688,4.38594127500005 -74.1110874859999,4.38571790100008 -74.1105171069999,4.38496740600004 -74.1094789999999,4.38371853600006 -74.1084010109999,4.38233217000004 -74.107801993,4.38166194400009 -74.1075624559999,4.38143277700004 -74.1073228209999,4.38132962100008 -74.1070205159999,4.38108327500004 -74.1068151019999,4.38100877700009 -74.1065071239999,4.38072799100007 -74.1063987239999,4.38028124900006 -74.1059653309999,4.37951358700008 -74.1050526679999,4.37856835500008 -74.1047617019999,4.37847658500004 -74.1045163989999,4.37830472700006 -74.1033639749999,4.37788630100005 -74.1028561529999,4.37780590600005 -74.1020915709999,4.37785159300006 -74.1012755519999,4.37810328800009 -74.1005621919999,4.37844104500005 -74.1000428199999,4.37866997900005 -74.0994950009999,4.37877289900007 -74.0991412569999,4.37878417200005 -74.0988959609999,4.37854361300009 -74.0985366639999,4.37816546300007 -74.0984112489999,4.37771293500009 -74.0983316009999,4.37699130500005 -74.0985032759999,4.37538770500009 -74.0985490659999,4.37481496500004 -74.0986805029999,4.37419079600005 -74.0984011059999,4.37356641500008 -74.0980418389999,4.37280444700008 -74.0974600269999,4.37229466500008 -74.096142331,4.37110867000007 -74.0952582599999,4.36991131600007 -74.0949675349999,4.36908652700009 -74.0947565989999,4.36825596000006 -74.0945914029999,4.36755719100006 -74.0944547629999,4.36674958900005 -74.0944550079999,4.36591912800009 -74.0944610219999,4.36501987600008 -74.0944498289999,4.36421237500008 -74.0946670709999,4.36266609000006 -74.0948384969999,4.36199021800007 -74.0951810479999,4.36104534400005 -74.0955749979999,4.36034101400008 -74.0961115989999,4.35959655900007 -74.0967507659999,4.35889803400005 -74.0974072339999,4.35803914900009 -74.0977611949999,4.35737485900006 -74.0977271109999,4.35675058700008 -74.0976017989999,4.35616065800008 -74.0973680659999,4.35554767100007 -74.0971230259999,4.35439068200009 -74.0972031409999,4.35361184200008 -74.0972775679999,4.35304479900009 -74.097660087,4.35219728000004 -74.0980254839999,4.35150442800006 -74.0984079999999,4.35068547500009 -74.0986136349999,4.35007270000006 -74.0984141409999,4.34921356900009 -74.0982374049999,4.34868085700009 -74.098209085,4.34803362400004 -74.0982777779999,4.34704859200008 -74.098426404,4.34651020800004 -74.0985634159999,4.34593177900007 -74.0988889359999,4.34496972500006 -74.0991572389999,4.34444852500008 -74.0996026099999,4.34356675100008 -74.0999336849999,4.34297116000005 -74.100378857,4.34235270700009 -74.1008983309999,4.34157968200009 -74.1012522699999,4.34107005800007 -74.1015377859999,4.34031988700008 -74.1024282209999,4.33896844800006 -74.1031473219999,4.33838454200009 -74.1049278129999,4.33714217500005 -74.1052816499999,4.33676995000008 -74.1053160719999,4.33639770500008 -74.1053047639999,4.33580208900008 -74.1049740439999,4.33520057700008 -74.1046832249999,4.33446736200005 -74.1043582779999,4.33373992900005 -74.1043015159999,4.33281780300007 -74.1046325889999,4.33210198400008 -74.1049180859999,4.33154652200005 -74.105283487,4.33053285200009 -74.1054035809999,4.32963939300009 -74.1056148819999,4.32895791600009 -74.1058261829999,4.32828213300007 -74.1059975989999,4.32749760300004 -74.1063344249999,4.32688483400005 -74.1066826039999,4.32616901400007 -74.1068482399999,4.32561924100008 -74.1069567859999,4.32503502200007 -74.1070590819999,4.32504605600008 -74.1078869299999,4.32475666100004 -74.1086087979999,4.32431611800007 -74.1091633449999,4.32397029800006 -74.1098968089999,4.32385128900006 -74.1104273809999,4.32389498100008 -74.1107397579999,4.32400374500008 -74.1110459379999,4.32381402100009 -74.1111913229999,4.32300779400009 -74.1112790749999,4.32223509900007 -74.1114402139999,4.32150950500005 -74.111737505,4.32084366800007 -74.1120328979999,4.32028675900006 -74.1124479649999,4.31974910900004 -74.1130497889999,4.31931235200005 -74.1136980799999,4.31883039800005 -74.1140298399999,4.31848058500009 -74.1143329639999,4.31813601500005 -74.1142706679999,4.31777361500008 -74.114127703,4.31712294300007 -74.1140393009999,4.31662250900007 -74.1140790459999,4.31598070300009 -74.1141075349999,4.31532741800004 -74.1142785709999,4.31469375400007 -74.1144509609999,4.31397973000009 -74.1145721869999,4.31358037000007 -74.1148047949999,4.31334933000005 -74.1151170949999,4.31313113100009 -74.1156491039999,4.31309463900004 -74.116273868,4.31297932600006 -74.1169283499999,4.31280155000007 -74.117482434,4.31248438000006 -74.117557357,4.31243095900004 -74.1179452099999,4.31215400700006 -74.1184604859999,4.31176731800008 -74.1190840889999,4.31138822800006 -74.1194684339999,4.31097052800004 -74.1198698879999,4.31055888600008 -74.1202145219999,4.31012898100005 -74.1205474489999,4.30971046500008 -74.120700542,4.30944931900007 -74.1211124389999,4.30908938200008 -74.1216264469999,4.30877717900006 -74.1221121319999,4.30849753800004 -74.1222621599999,4.30837570100005 -74.1229766889999,4.30777329500006 -74.1236609989999,4.30713191900008 -74.1243984989999,4.30665629600009 -74.1273192759999,4.30651722200008 -74.128559289,4.30584406800006 -74.130012157,4.30574121000006 -74.1311479259999,4.30598604600004 -74.1324045799999,4.30612276300008 -74.1339395079999,4.30575640500007 -74.1348972879999,4.30535656500007 -74.1364515649999,4.30470321900009 -74.1374783819999,4.30424651800007 -74.1385942949999,4.30335409300005 -74.1394905079999,4.30278145700004 -74.14057084,4.30205527900006 -74.1425732389999,4.30036615500006 -74.1430229709999,4.30005066900009 -74.1434066579999,4.29978151100005 -74.1445289759999,4.29879724500006 -74.1455659849999,4.29775484700008 -74.1464667209999,4.29659072400005 -74.1473187759999,4.29581097000005 -74.1481598369999,4.29497369500007 -74.1488282159999,4.29429005800006 -74.1495820319999,4.29364732000005 -74.1502324219999,4.29307264800008 -74.1509978469999,4.29240703300007 -74.1518157689999,4.29160402200006 -74.1528424679999,4.29041221600005 -74.1534540279999,4.28968216100009 -74.1543007049999,4.28885641200009 -74.1550362179999,4.28836283600009 -74.1556408279999,4.28779352300006 -74.1562749389999,4.28710385200009 -74.1573279679999,4.28620514100004 -74.1579576349999,4.28534889000008 -74.1585036709999,4.28496286400008 -74.1594631709999,4.28433329600006 -74.1604911749999,4.28371577200005 -74.161608182,4.28342058200008 -74.1626964769999,4.28314238100006 -74.1638734649999,4.28322670800009 -74.1651032589999,4.28313343600007 -74.1662479259999,4.28295906400007 -74.1671985869999,4.28273715600005 -74.168450677,4.28271871900006 -74.1698999709999,4.28232861400005 -74.1712528509999,4.28258665700008 -74.1724697239999,4.28268852500008 -74.1738380659999,4.28241834900007 -74.1749085029999,4.28223187000009 -74.1760994649999,4.28198320600006 -74.1769061639999,4.28189793400009 -74.1780501239999,4.28181542300007 -74.1793477249999,4.28182605700005 -74.1806742119999,4.28179672300007 -74.1818291249999,4.28177747100005 -74.1828585389999,4.28172273200005 -74.1834988519999,4.28171648800009 -74.1842587269999,4.28177439700005 -74.1854465799999,4.28193343500004 -74.1863360079999,4.28224508700009 -74.1877088759999,4.28288229200007 -74.1882286659999,4.28293823100006 -74.1886490469999,4.28403855500005 -74.1891179989999,4.28476599200008 -74.1898550929999,4.28556453500005 -74.1907105309999,4.28658801500006 -74.1912906289999,4.28698327500007 -74.1919848779999,4.28740243600009 -74.1927176139999,4.28802291300008 -74.1932968429999,4.28853302000005 -74.194171836,4.28924080200005 -74.1947625839999,4.28973951400008 -74.1949655199999,4.29011965700005 -74.1951785259999,4.28992094200004 -74.1954320969999,4.28965310100006 -74.1960417379999,4.28916994100007 -74.1964961669999,4.28880036900006 -74.1970365579999,4.28840278600006 -74.1975667789999,4.28783857400009 -74.197901553,4.28741633800007 -74.1986546239999,4.28686543400005 -74.1992015999999,4.28635304500006 -74.1998066549999,4.28572053100004 -74.200186287,4.28541351700005 -74.2006533199999,4.28488898800009 -74.2011854099999,4.28407785000007 -74.2016308409999,4.28338660000009 -74.2019609399999,4.28282649700009 -74.2021485249999,4.28221354300007 -74.2024265249999,4.28173915500008 -74.2026598379999,4.28112657600008 -74.2029226069999,4.28039937800008 -74.2031602859999,4.27996486300009 -74.2035006819999,4.27955415500008 -74.2038019809999,4.27902252800004 -74.2041850939999,4.27825611400004 -74.2043625059999,4.27747653400007 -74.2047175139999,4.27664671600007 -74.2049448479999,4.27606854600009 -74.2051511899999,4.27524325700006 -74.2053048649999,4.27457834200004 -74.2053807339999,4.27361990400004 -74.2055290829999,4.27290325900009 -74.2054535839999,4.27230538500004 -74.2054472059999,4.27163916300009 -74.205496637,4.27115142300005 -74.2056903679999,4.27048109200007 -74.2058448859999,4.26966410000006 -74.2058448919999,4.26966409700009 -74.2064197529999,4.27014549500007 -74.2072450149999,4.27057972800009 -74.208048791,4.27104901700005 -74.2088782289999,4.27158601800005 -74.2096191669999,4.27220044600006 -74.2104401059999,4.27266913200009 -74.211350938,4.27309464700005 -74.2122363409999,4.27345815800004 -74.2128539149999,4.27340218200004 -74.213126256,4.27319104500009 -74.2140391949999,4.27313482500006 -74.2149642359999,4.27300448400007 -74.2160816499999,4.27303535900006 -74.2161920439999,4.27303361400004 -74.2162039499999,4.27338348500007 -74.2161696699999,4.27371560000006 -74.2161418689999,4.27400188600006 -74.2160836419999,4.27439664700006 -74.2161039419999,4.27487303000004 -74.2162645409999,4.27550099300009 -74.2165163569999,4.27613627200009 -74.2167166679999,4.27678213100006 -74.2169970899999,4.27708529300008 -74.2173585759999,4.27765367000006 -74.2183392529999,4.27876048000007 -74.2187109219999,4.27940930700004 -74.2190541979999,4.27971354800007 -74.2196006269999,4.28015906000007 -74.2204448909999,4.28123478200007 -74.2208150999999,4.28162553000004 -74.2211371469999,4.28217022400008 -74.2210086069999,4.28266705000004 -74.2203720279999,4.28313770400007 -74.2200247479999,4.28339554100006 -74.2196038949999,4.28361189400005 -74.2191706199999,4.28388537700005 -74.2187083539999,4.28418706600007 -74.2182974139999,4.28449544000006 -74.2180085639999,4.28467960000006 -74.2177249399999,4.28489268600009 -74.2175213639999,4.28510133500009 -74.2169942729999,4.28551656500008 -74.2166964329999,4.28589001300008 -74.2163063009999,4.28631336800004 -74.2161199509999,4.28684924600009 -74.2158634879999,4.28780257800008 -74.2159450259999,4.28837757500008 -74.2159860459999,4.28898060100005 -74.2159333119999,4.28938684200006 -74.2157570239999,4.28967060800005 -74.2155911869999,4.29000607800009 -74.2153977899999,4.29028948400008 -74.2152437489999,4.29060805000006 -74.2151072879999,4.29123088400007 -74.2150208999999,4.29192910600005 -74.2149707019999,4.29252472600007 -74.2150094169999,4.29359220100008 -74.215074678,4.29444218500009 -74.2151081689999,4.29548091500004 -74.2150077179999,4.29600114900006 -74.2150444989999,4.29651802600006 -74.2152561869999,4.29749672000008 -74.2154414549999,4.29801611700009 -74.2153921529999,4.29855451600008 -74.2152416569999,4.29933192900006 -74.2152005639999,4.30005382900009 -74.2151258519999,4.30040818600008 -74.2150013639999,4.30100245500006 -74.2148473199999,4.30132102100009 -74.2145910929999,4.30193021500008 -74.2144722139999,4.30285741000006 -74.2143544749999,4.30338876500008 -74.2143215639999,4.30397317300009 -74.2144114899999,4.30472037400006 -74.2145146459999,4.30536461300005 -74.2147809809999,4.30615491900005 -74.2149423929999,4.30673135700005 -74.2149651119999,4.30707015800004 -74.2149813769999,4.30778165700008 -74.2150009869999,4.30863661500007 -74.2150542749999,4.30951507400005 -74.2151843649999,4.31025720900004 -74.2152989579999,4.31089584300008 -74.2154228359999,4.31166663300007 -74.2156058669999,4.31231213200005 -74.2157293609999,4.31277313800007 -74.2157957909999,4.31356011500009 -74.2158810319999,4.31424412900009 -74.2158726079999,4.31473154200006 -74.2158477009999,4.31518424400008 -74.2158610739999,4.31573511200008 -74.2158869299999,4.31589040900008 -74.2159266969999,4.31656782900006 -74.2160274359999,4.31734964900005 -74.2161468979999,4.31803998900006 -74.2162356349999,4.31852911100009 -74.2164329739999,4.31900855100008 -74.2165192029999,4.31964104100007 -74.2165994629999,4.31995777900005 -74.2166914279999,4.32025770300004 -74.2167676549999,4.32080395600008 -74.2169053029999,4.32143725400005 -74.2170109729999,4.32193812600008 -74.2171585959999,4.32231913000004 -74.2173144929999,4.32255703700008 -74.217417984,4.32285135600006 -74.2175355389999,4.32332366100007 -74.2176212939999,4.32364645600006 -74.2176329359999,4.32396781000006 -74.2176407879999,4.32417445300007 -74.2176723189999,4.32433553600009 -74.2177096119999,4.32449101100008 -74.217757806,4.32467541400007 -74.2181742099999,4.32589544500007 -74.2184535739999,4.32728723700006 -74.2185103619999,4.32899977200009 -74.2183846859999,4.33048316900005 -74.2183501719999,4.33229867200009 -74.2181045829999,4.33418867700004 -74.2179788689999,4.33522534200006 -74.2180471929999,4.33598709800009 -74.2182125779999,4.33658269700004 -74.2186518889999,4.33705244400005 -74.2189770979999,4.33743053900008 -74.2191880649999,4.33820376200009 -74.2195130559999,4.33918316800009 -74.2197982509999,4.34023706100004 -74.2197696479999,4.34062648600008 -74.2196554989999,4.34103887900005 -74.2195412739999,4.34162880900004 -74.2194955889999,4.34233326400005 -74.2195353619999,4.34303192500005 -74.2196436639999,4.34370780200004 -74.2198831929999,4.34461281800009 -74.2199973319999,4.34511106700006 -74.2201227229999,4.34554639900006 -74.2201739899999,4.34584994200009 -74.2200313159999,4.34653144400005 -74.2200426239999,4.34711566800007 -74.2201281149999,4.34747082300004 -74.2202479119999,4.34776857500009 -74.2204304839999,4.34817533800009 -74.2205901239999,4.34892560400004 -74.2205786419999,4.34942386400007 -74.2204816059999,4.34988778100006 -74.2205213709999,4.35048339200006 -74.2206183169999,4.35103895200007 -74.2206753599999,4.35147998500008 -74.2206751389999,4.35304933800006 -74.2207206669999,4.35361638300009 -74.2206635199999,4.35404016100006 -74.2205094169999,4.35481332600006 -74.2203722699999,4.35589573000004 -74.2202523699999,4.35647427100008 -74.2202237889999,4.35711571800005 -74.2201609069999,4.35784313400006 -74.2201893589999,4.35882247300009 -74.2203490039999,4.35960139400004 -74.2204858679999,4.36040318800008 -74.2205142179999,4.36124521800008 -74.2206909729999,4.36200696200007 -74.2209191519999,4.36280314300006 -74.2210445679999,4.36347323200005 -74.2211699729999,4.36401740000008 -74.2211014879999,4.36455570900006 -74.2208389209999,4.36491071500006 -74.2204337869999,4.36517416300006 -74.2198688939999,4.36540318400006 -74.2194009879999,4.36562071700007 -74.2189616249999,4.36578672100006 -74.2183852159999,4.36616471300005 -74.2178260019999,4.36648539300006 -74.2171983609999,4.36698921900006 -74.2167418439999,4.36772236300004 -74.2160569499999,4.36850687100008 -74.2154519769999,4.36983546000005 -74.2151208969999,4.37049410700007 -74.2145730709999,4.37135887200009 -74.2141507549999,4.37192008000005 -74.2135857139999,4.37264735500008 -74.2130265089999,4.37317422300009 -74.2126840579999,4.37356936800006 -74.2124044629999,4.37391867700006 -74.2121989809999,4.37425089500005 -74.2122045939999,4.37462892800005 -74.2126325409999,4.37464037400008 -74.2136994099999,4.37547671600009 -74.2142128019999,4.37637023200006 -74.2140985679999,4.37697742600005 -74.2136249249999,4.37761872700008 -74.2130370939999,4.37834030800008 -74.2126147639999,4.37879268000006 -74.2123408599999,4.37939401000006 -74.2118842609999,4.38038486800008 -74.2114276419999,4.38115226800005 -74.2107827259999,4.38207995400006 -74.2106569279999,4.38339720300007 -74.2105940609999,4.38450834500009 -74.210508306,4.38541899200004 -74.2107877479999,4.38653010900009 -74.2109245319999,4.38690673000008 -74.2109245259999,4.38690673000008 -74.2040740899999,4.38633806600006 -74.204028418,4.38633480400006 -74.2039831509999,4.38633190000007 -74.203937504,4.38632908500006 -74.2038908249999,4.38632607300008 -74.2038429849999,4.38632250100005 -74.2037939809999,4.38631798700004 -74.2037438179999,4.38631215400005 -74.2036924929999,4.38630461800005 -74.2036400069999,4.38629500000008 -74.2035863579999,4.38628291900005 -74.2035315459999,4.38626799200006 -74.2034756079999,4.38625008500009 -74.2034187079999,4.38623002800006 -74.2033610479999,4.38620889400005 -74.2033028319999,4.38618776300007 -74.2032442549999,4.38616770600004 -74.2031855249999,4.38614979800008 -74.2031268399999,4.38613511500006 -74.2030683999999,4.38612473300009 -74.2030104769999,4.38611941200008 -74.2029536159999,4.38611865900009 -74.2028984319999,4.38612166900009 -74.2028455359999,4.38612763300006 -74.2027955419999,4.38613574800007 -74.2027490699999,4.38614520600004 -74.202706728,4.38615520100007 -74.2026691309999,4.38616492500006 -74.2026366099999,4.38617374400008 -74.2026083549999,4.38618170200004 -74.2025832689999,4.38618900700004 -74.2025602639999,4.38619587700009 -74.2025382409999,4.38620252200008 -74.2025161039999,4.38620915500007 -74.2024927619999,4.38621599300006 -74.2024671199999,4.38622324300007 -74.2024382679999,4.38623107500007 -74.2024060319999,4.38623946600006 -74.2023704219999,4.38624835300004 -74.2023314539999,4.38625766200005 -74.2022891319999,4.38626733400008 -74.2022434719999,4.38627729500007 -74.2021944869999,4.38628748000008 -74.2021421829999,4.38629782500004 -74.2020866239999,4.38630830700009 -74.202028073,4.38631911600004 -74.2019668439999,4.38633048600008 -74.2019032419999,4.38634265100006 -74.2018375909999,4.38635584600007 -74.2017701969999,4.38637030700005 -74.2017013709999,4.38638626700009 -74.201631431,4.38640396500006 -74.2015607009999,4.38642350700007 -74.2014895699999,4.38644450600009 -74.201418439,4.38646644600004 -74.2013477099999,4.38648880900007 -74.2012777849999,4.38651108500005 -74.2012090669999,4.38653275400009 -74.2011419559999,4.38655330500006 -74.2010768519999,4.38657222000006 -74.2010140379999,4.38658917100008 -74.2009532609999,4.38660457800006 -74.200894161,4.38661904200006 -74.2008363689999,4.38663317100008 -74.2007795129999,4.38664756800006 -74.2007232279999,4.38666283800006 -74.2006671429999,4.38667958700006 -74.2006108929999,4.38669842100006 -74.2005541939999,4.38671978300005 -74.2004971289999,4.38674351100008 -74.2004398619999,4.38676927500006 -74.2003825639999,4.38679675200007 -74.2003253959999,4.38682562000008 -74.2002685339999,4.38685554900007 -74.2002121369999,4.38688622000006 -74.2001563789999,4.38691730300008 -74.2001012939999,4.38694843100006 -74.2000463869999,4.38697905600009 -74.1999910309999,4.38700858300007 -74.199934605,4.38703641900008 -74.1998764809999,4.38706197000005 -74.1998160319999,4.38708464500007 -74.1997526349999,4.38710384900008 -74.1996856639999,4.38711899000009 -74.1996146919999,4.38712970700004 -74.1995400779999,4.38713658400007 -74.1994623809999,4.38714043800007 -74.1993821599999,4.38714208500005 -74.1992999749999,4.38714234700007 -74.1992163809999,4.38714203600006 -74.1991319389999,4.38714197100006 -74.1990472069999,4.38714297100006 -74.1989626219999,4.38714567500006 -74.1988781359999,4.38715001200006 -74.1987935859999,4.38715573900009 -74.198708801,4.38716260800004 -74.1986236139999,4.38717037400005 -74.198537858,4.38717878800009 -74.1984513639999,4.38718760500007 -74.1983639659999,4.38719657900009 -74.1982757059999,4.38720548000009 -74.1981874839999,4.38721414700007 -74.198100398,4.38722243500007 -74.1980155559999,4.38723019200006 -74.1979340649999,4.38723728100007 -74.1978570309999,4.38724354900006 -74.1977855539999,4.38724885300007 -74.1977207479999,4.38725305100007 -74.1976632349999,4.38725598400009 -74.1976117399999,4.38725748300004 -74.1975645129999,4.38725737100009 -74.1975197989999,4.38725546800009 -74.1974758419999,4.38725159100005 -74.1974308919999,4.38724556500006 -74.197383193,4.38723721200006 -74.1973309939999,4.38722635000005 -74.1972729699999,4.38721292400004 -74.1972095089999,4.38719737300005 -74.1971414199999,4.38718025400004 -74.1970695249999,4.38716212800006 -74.1969946369999,4.38714355500008 -74.1969175709999,4.38712509500004 -74.1968391449999,4.38710730300005 -74.1967601699999,4.38709074600007 -74.1966812879999,4.38707592200007 -74.1966024259999,4.38706309000008 -74.1965233429999,4.38705245200009 -74.1964437909999,4.38704420800008 -74.1963635249999,4.38703856800009 -74.1962822989999,4.38703572400004 -74.1961998669999,4.38703588100009 -74.1961159819999,4.38703924000009 -74.1960305859999,4.38704584900006 -74.1959443389999,4.38705513400009 -74.1958580929999,4.38706637000007 -74.1957726969999,4.38707882300008 -74.1956889979999,4.38709177000004 -74.1956078429999,4.38710448200004 -74.1955300849999,4.38711623000006 -74.1954565699999,4.38712628600007 -74.1953878569999,4.38713405000004 -74.1953233549999,4.38713941300006 -74.1952621799999,4.38714240400009 -74.19520345,4.38714304300004 -74.1951462839999,4.38714135300006 -74.1950897979999,4.38713735700009 -74.195033109,4.38713107500007 -74.1949753389999,4.38712253200009 -74.1949158549999,4.38711184000005 -74.1948550279999,4.38709946800009 -74.1947934879999,4.38708597500005 -74.1947318599999,4.38707192200008 -74.1946707669999,4.38705787200007 -74.1946108329999,4.38704437900009 -74.1945526879999,4.38703200700007 -74.1944969549999,4.38702131400004 -74.1944440209999,4.38701266800007 -74.1943933209999,4.38700569500008 -74.1943440509999,4.38699981700006 -74.1942954069999,4.38699446800007 -74.1942465839999,4.38698907100007 -74.1941967759999,4.38698305900004 -74.1941451839999,4.38697586000006 -74.1940909999999,4.38696690300009 -74.1940336679999,4.38695578200009 -74.19397362,4.38694273400006 -74.1939115419999,4.38692816400004 -74.1938481139999,4.38691247200006 -74.1937840129999,4.38689606700007 -74.1937199249999,4.38687934500007 -74.193656529,4.38686271500006 -74.1935945059999,4.38684657500005 -74.1935343319999,4.38683118400007 -74.193475669,4.38681620800008 -74.1934179619999,4.38680116600005 -74.1933606729999,4.38678557400004 -74.1933032479999,4.38676895200007 -74.1932451399999,4.38675081700006 -74.1931858019999,4.38673069000009 -74.1931246919999,4.38670808900008 -74.1930614929999,4.38668264000006 -74.1929968419999,4.38665440300008 -74.1929316119999,4.38662354600007 -74.1928666689999,4.38659023500009 -74.1928028889999,4.38655464200008 -74.19274114,4.38651693100007 -74.1926822959999,4.38647727200009 -74.1926272219999,4.38643583100009 -74.1925763849999,4.38639286700004 -74.1925285839999,4.38634899400006 -74.1924822109999,4.38630492200008 -74.1924356589999,4.38626135100009 -74.1923873229999,4.38621899200007 -74.1923355909999,4.38617854900008 -74.1922788549999,4.38614072500008 -74.1922155109999,4.38610622900006 -74.1921445649999,4.38607563100004 -74.192067516,4.38604897700009 -74.1919864649999,4.38602617500004 -74.1919035329999,4.38600713400007 -74.1918208199999,4.38599176800005 -74.1917404419999,4.38597998500006 -74.1916645109999,4.38597169400009 -74.1915951339999,4.38596680600006 -74.1915337589999,4.38596512700008 -74.1914791729999,4.38596604600008 -74.1914295019999,4.38596884400005 -74.1913828709999,4.38597280600004 -74.1913373969999,4.38597721600007 -74.1912912129999,4.38598135800004 -74.1912424329999,4.38598451500008 -74.1911891909999,4.38598597100008 -74.1911300929999,4.38598518700007 -74.1910657089999,4.38598234500006 -74.1909971079999,4.38597780100008 -74.1909253459999,4.38597191200006 -74.1908514849999,4.38596504100008 -74.1907765829999,4.38595754000005 -74.1907017049999,4.38594977300005 -74.1906279089999,4.38594209300004 -74.1905560369999,4.38593473200007 -74.1904860409999,4.38592740600006 -74.1904176509999,4.38591969800007 -74.1903506039999,4.38591119500006 -74.1902846279999,4.38590148100008 -74.1902194539999,4.38589014600007 -74.1901548179999,4.38587677100008 -74.1900904479999,4.38586094600009 -74.1900261939999,4.38584243700006 -74.1899623769999,4.38582175600004 -74.1898994299999,4.38579959600008 -74.1898377889999,4.38577665200006 -74.1897778919999,4.38575362000006 -74.1897201719999,4.38573119000006 -74.1896650659999,4.38571006000006 -74.1896130069999,4.38569092200004 -74.1895640639999,4.38567421000005 -74.1895168299999,4.38565930000004 -74.1894695309999,4.38564530600007 -74.1894203879999,4.38563134800006 -74.1893676259999,4.38561653800008 -74.1893094719999,4.38559999500006 -74.1892441459999,4.38558083000004 -74.1891698759999,4.38555816500008 -74.1890854949999,4.38553143500008 -74.1889922679999,4.38550139300008 -74.18889207,4.38546911200007 -74.1887867819999,4.38543566700008 -74.1886782789999,4.38540213200008 -74.1885684329999,4.38536958600008 -74.188459125,4.38533909700004 -74.1883522319999,4.38531174400009 -74.1882491979999,4.38528831000008 -74.1881497859999,4.38526841400005 -74.1880533219999,4.38525138400007 -74.1879591389999,4.38523654700009 -74.1878665599999,4.38522323400008 -74.1877749219999,4.38521077200005 -74.1876835499999,4.38519849100004 -74.1875917779999,4.38518571400004 -74.1874992459999,4.38517195900005 -74.1874068619999,4.38515747600007 -74.1873158379999,4.38514270100006 -74.1872273959999,4.38512807100005 -74.1871427479999,4.38511402500006 -74.1870631159999,4.38510099500007 -74.1869897139999,4.38508942000004 -74.1869237609999,4.38507973700007 -74.1868660779999,4.38507227200006 -74.1868158849999,4.38506691200007 -74.1867720149999,4.38506343100005 -74.1867332929999,4.38506160700007 -74.1866985459999,4.38506121500006 -74.1866666039999,4.38506203300005 -74.1866362899999,4.38506383500004 -74.1866064369999,4.38506640100007 -74.186576037,4.38506948200006 -74.1865447789999,4.38507275400008 -74.1865125169999,4.38507586900005 -74.1864791009999,4.38507848100005 -74.1864443929999,4.38508024100008 -74.1864082429999,4.38508080300005 -74.1863705079999,4.38507982100009 -74.1863310419999,4.38507694700007 -74.1862898199999,4.38507195600005 -74.1862472999999,4.38506513200008 -74.1862040679999,4.38505687500009 -74.1861607009999,4.38504758500005 -74.1861177829999,4.38503767100008 -74.1860758899999,4.38502753100005 -74.1860356029999,4.38501757000006 -74.1859975079999,4.38500819000006 -74.1859620149999,4.38499970800007 -74.1859288799999,4.38499207600006 -74.1858976869999,4.38498515900005 -74.1858680239999,4.38497882500008 -74.1858394799999,4.38497293900008 -74.1858116369999,4.38496736500008 -74.1857840829999,4.38496197200004 -74.1857564109999,4.38495662400004 -74.1857282839999,4.38495123000007 -74.1856997099999,4.38494588100008 -74.1856707779999,4.38494071000008 -74.1856415799999,4.38493585500004 -74.1856122029999,4.38493144800009 -74.1855827359999,4.38492762100009 -74.1855532689999,4.38492451200005 -74.1855238929999,4.38492225600004 -74.1854947069999,4.38492096000004 -74.1854658819999,4.38492066200007 -74.1854375919999,4.38492137500009 -74.1854100159999,4.38492310400005 -74.1853833349999,4.38492586300009 -74.1853577259999,4.38492966500007 -74.185333366,4.38493452000006 -74.1853104399999,4.38494043700007 -74.1852889739999,4.38494739200007 -74.1852684229999,4.38495520800006 -74.185248096,4.38496367400006 -74.1852273009999,4.38497257600005 -74.1852053439999,4.38498170400004 -74.1851815339999,4.38499084100005 -74.1851551749999,4.38499978000004 -74.1851255809999,4.38500830100008 -74.1850922879999,4.38501623600007 -74.1850557659999,4.38502355400004 -74.1850167219999,4.38503026900008 -74.1849758559999,4.38503639000004 -74.1849338729999,4.38504192900007 -74.1848914789999,4.38504689700005 -74.1848493729999,4.38505130500005 -74.1848082619999,4.38505516500004 -74.1847686639999,4.38505847400006 -74.1847303609999,4.38506119100009 -74.1846929529999,4.38506325700007 -74.184656033,4.38506461900005 -74.1846192039999,4.38506522000006 -74.1845820629999,4.38506500200009 -74.1845442059999,4.38506391100009 -74.1845052329999,4.38506189000009 -74.1844648659999,4.38505885200004 -74.1844233239999,4.38505455500007 -74.184380959,4.38504873700009 -74.1843381109999,4.38504113000005 -74.18429513,4.38503145900006 -74.1842523579999,4.38501946200006 -74.1842101469999,4.38500486500004 -74.1841688389999,4.38498740200009 -74.1841286689999,4.38496692000007 -74.1840894149999,4.38494374100009 -74.1840507389999,4.38491829900005 -74.1840123079999,4.38489103200004 -74.1839737899999,4.38486237700005 -74.1839348469999,4.38483277000006 -74.1838951439999,4.38480264800006 -74.1838543449999,4.38477244600006 -74.1838122039999,4.38474253800007 -74.1837688119999,4.38471302100004 -74.183724347,4.38468392900006 -74.1836789899999,4.38465529700005 -74.1836329189999,4.38462715600008 -74.1835863109999,4.38459954400008 -74.1835393459999,4.38457249100009 -74.1834922019999,4.38454603200006 -74.1834449049999,4.38452015500008 -74.1833968579999,4.38449466900005 -74.1833473179999,4.38446934000007 -74.1832955279999,4.38444393300006 -74.1832407499999,4.38441821400005 -74.1831822299999,4.38439194700004 -74.1831192169999,4.38436489500009 -74.1830509699999,4.38433682600004 -74.1829771139999,4.38430761600006 -74.1828987769999,4.38427761500009 -74.1828174719999,4.38424727800009 -74.1827347029999,4.38421706200006 -74.1826519779999,4.38418743200009 -74.1825708059999,4.38415884200009 -74.182492695,4.38413175200009 -74.1824191509999,4.38410662100006 -74.1823512849999,4.38408370400009 -74.1822886239999,4.38406245800007 -74.1822302949999,4.38404212900008 -74.1821754289999,4.38402196500004 -74.182123154,4.38400122100006 -74.1820725969999,4.38397914300009 -74.1820228879999,4.38395498400007 -74.1819731579999,4.38392799100006 -74.1819216359999,4.38389702000006 -74.181862969,4.38385935500008 -74.1817908949999,4.38381188100004 -74.1816991679999,4.38375149100006 -74.1815815319999,4.38367506500009 -74.1815462709999,4.38366186800005 -74.1805181689999,4.38385035600004 -74.1802363659999,4.38391887100005 -74.1800117059999,4.38452812600008 -74.1799584809999,4.38514682700009 -74.1797564499999,4.38576804900009 -74.1790100439999,4.38642914800005 -74.1784835119999,4.38697447600009 -74.1782937949999,4.38728603500005 -74.1780853339999,4.38767180300005 -74.17727113,4.38856100900006 -74.1766514359999,4.38864517000007 -74.1756723409999,4.38841162900007 -74.1749447719999,4.38791951500008 -74.1742895909999,4.38752080100005 -74.1737636199999,4.38723392700007 -74.1730377379999,4.38693125000009 -74.1724596889999,4.38667194400006 -74.1717053369999,4.38636291100005 -74.1710149939999,4.38600360700008 -74.1702702199999,4.38605062000005 -74.1696495729999,4.38591091800009 -74.1690429319999,4.38565099300007 -74.1683682799999,4.38536089700006 -74.1678112719999,4.38518813500008 -74.1671736879999,4.38530633900007 -74.1666128659999,4.38558116500008 -74.1661542159999,4.38616239100008 -74.1654890539999,4.38703759200007 -74.1647840369999,4.38736669000008 -74.1640378899999,4.38774655200007 -74.1634960749999,4.38820044600004 -74.1632675239999,4.38857654100008 -74.1631314039999,4.38928639800008 -74.1626926859999,4.38960554800008 -74.1620035179999,4.38936944000005 -74.1612975469999,4.38915019700005 -74.1607596629999,4.38921766300007 -74.1602553999999,4.38958870900007 -74.1597175179999,4.38992602400009 -74.1585913249999,4.39016214600008 -74.1578013069999,4.38995976800004 -74.1572970389999,4.38952126900006 -74.1568263869999,4.38931888600007 -74.1561540379999,4.38936948300005 -74.1554480629999,4.38933575300007 -74.1547252809999,4.38911650300008 -74.154170587,4.38881292700006 -74.1536663239999,4.38879606300009 -74.1529267349999,4.38849248300005 -74.1520190569999,4.38788532400008 -74.1512122389999,4.38722756700008 -74.1504894599999,4.38714324000006 -74.1500020009999,4.38741308500005 -74.1493128399999,4.38776725400004 -74.1486404879999,4.38732874800007 -74.1480284069999,4.38693647600007 -74.1476151539999,4.38692396900007 -74.1473294029999,4.38709262200007 -74.1468419439999,4.38721067800009 -74.1464049099999,4.38785156000006 -74.1460855439999,4.38798648000005 -74.1454468059999,4.38790214800008 -74.1444550819999,4.38818885000006 -74.1435474109999,4.38775033400009 -74.1427237779999,4.38776718800005 -74.1424548269999,4.38849240100006 -74.1424043809999,4.38952119500004 -74.1424043659999,4.39053312500005 -74.1418312839999,4.39119863400009 -74.1412907569999,4.39158722600007 -74.1412196669999,4.39180800100007 -74.1411295839999,4.39208774200006 -74.1412571659999,4.39287009300006 -74.1412982719999,4.39306144500006 -74.1413283359999,4.39320081100004 -74.1413491939999,4.39329675000005 -74.1413626899999,4.39335782100005 -74.1413706639999,4.39339258700005 -74.1413749559999,4.39340960500004 -74.1413774069999,4.39341743500006 -74.1413796009999,4.39342329100009 -74.1413820849999,4.39342897700004 -74.1413851479999,4.39343495400004 -74.1413890839999,4.39344168000008 -74.1413941789999,4.39344961900008 -74.1414007289999,4.39345922400008 -74.1414090189999,4.39347095700009 -74.1414193429999,4.39348527600009 -74.1414318539999,4.39350246300006 -74.1414461759999,4.39352207700006 -74.1414617929999,4.39354350600007 -74.1414781909999,4.39356613400008 -74.1414948599999,4.39358934500007 -74.141511282,4.39361252100008 -74.1415269419999,4.39363504600004 -74.1415413319999,4.39365630800006 -74.1415540839999,4.39367586100008 -74.1415654399999,4.39369394600004 -74.1415757919999,4.39371097800006 -74.1415855309999,4.39372737200006 -74.1415950439999,4.39374354200004 -74.1416047249999,4.39375990300005 -74.1416149659999,4.39377686800009 -74.1416261549999,4.39379485400008 -74.1416385779999,4.39381417000004 -74.1416521079999,4.39383471500008 -74.1416665109999,4.39385629200007 -74.1416815489999,4.39387869800004 -74.1416969909999,4.39390173000004 -74.1417125979999,4.39392518800008 -74.141728139,4.39394886900004 -74.1417433779999,4.39397257500008 -74.1417581769999,4.39399614900009 -74.1417727749999,4.39401964700005 -74.1417875069999,4.39404316800005 -74.1418027059999,4.39406681000008 -74.1418187109999,4.39409067800005 -74.1418358549999,4.39411486700004 -74.1418544729999,4.39413948600009 -74.1418748989999,4.39416462900004 -74.1418973249999,4.39419034400004 -74.1419213449999,4.39421646100004 -74.1419464139999,4.39424275800008 -74.1419719889999,4.39426901300004 -74.1419975179999,4.39429499600004 -74.1420224529999,4.39432048900005 -74.1420462529999,4.39434526400004 -74.1420683609999,4.39436909800008 -74.1420884029999,4.39439189700005 -74.1421066489999,4.39441408100009 -74.1421235289999,4.39443619700006 -74.1421394829999,4.39445879300007 -74.1421549449999,4.39448242100008 -74.1421703529999,4.39450762700005 -74.1421861409999,4.39453496200008 -74.1422027419999,4.39456497100008 -74.1422204589999,4.39459798700005 -74.142239033,4.39463345400009 -74.1422580789999,4.39467060300007 -74.1422772019999,4.39470865600009 -74.1422960129999,4.39474684300006 -74.1423141189999,4.39478439400006 -74.1423311329999,4.39482053300009 -74.1423466599999,4.39485448800008 -74.1423605179999,4.39488563000009 -74.1423733479999,4.39491389400007 -74.1423859969999,4.39493935900009 -74.1423993179999,4.39496210300007 -74.1424141559999,4.39498220300004 -74.1424313649999,4.39499973700009 -74.1424517869999,4.39501478800008 -74.142476272,4.39502743200006 -74.1425053409999,4.39503782700007 -74.1425381709999,4.39504646300009 -74.1425736149999,4.39505391100005 -74.1426105219999,4.39506074500008 -74.1426477409999,4.39506753600006 -74.1426841209999,4.39507484800009 -74.1427185149999,4.39508326200007 -74.1427497729999,4.39509334300004 -74.1427769919999,4.39510548500004 -74.1428002949999,4.39511937800006 -74.1428200459999,4.39513452200009 -74.1428366129999,4.39515043000006 -74.1428503669999,4.39516660600009 -74.1428616759999,4.39518255900009 -74.1428709069999,4.39519779300008 -74.1428784289999,4.39521181900005 -74.1428845759999,4.39522432900009 -74.142889539,4.39523575200008 -74.1428934749999,4.39524670400004 -74.1428965369999,4.39525780300005 -74.1428988869999,4.39526966300008 -74.1429006779999,4.39528290200008 -74.1429020689999,4.39529813000007 -74.1429032139999,4.39531597100006 -74.1429042439999,4.39533684400004 -74.1429051959999,4.39536041800005 -74.1429060829999,4.39538616200008 -74.1429069119999,4.39541355500006 -74.1429076979999,4.39544206500005 -74.1429084519999,4.39547116900007 -74.1429091819999,4.39550034100006 -74.1429099009999,4.39552905500005 -74.1429106319999,4.39555696500008 -74.1429114539999,4.39558447500008 -74.1429124549999,4.39561216200008 -74.1429137219999,4.39564061200008 -74.1429153479999,4.39567040500009 -74.1429174189999,4.39570212200005 -74.1429200269999,4.39573635200009 -74.1429232609999,4.39577366900005 -74.1429271749999,4.39581444300006 -74.1429316819999,4.39585817300008 -74.1429366549999,4.39590414400004 -74.1429419789999,4.39595163600006 -74.1429475229999,4.39599993400009 -74.1429531679999,4.39604832300006 -74.1429587899999,4.39609608300009 -74.1429642679999,4.39614250000005 -74.1429695079999,4.39618701500007 -74.1429745329999,4.39622969100009 -74.1429794039999,4.39627075800007 -74.1429841739999,4.39631043400004 -74.1429888989999,4.39634894500006 -74.1429936349999,4.39638651800004 -74.1429984379999,4.39642337200007 -74.1430033649999,4.39645973400008 -74.1430084919999,4.39649585300009 -74.143013988,4.39653207200007 -74.14302004,4.39656875900005 -74.1430268419999,4.39660628700005 -74.1430345839999,4.39664502500005 -74.1430434499999,4.39668534300006 -74.1430536369999,4.39672760800005 -74.1430653299999,4.39677218900005 -74.1430786319999,4.39681929100004 -74.1430932709999,4.39686844300007 -74.1431088949999,4.39691900500009 -74.143125144,4.39697033900006 -74.1431416619999,4.39702180700004 -74.143158088,4.39707277100007 -74.1431740689999,4.39712259400005 -74.1431892459999,4.39717063800009 -74.1432033289999,4.39721648400007 -74.1432163079999,4.39726060400005 -74.1432282359999,4.39730369600005 -74.1432391709999,4.39734645200008 -74.1432491669999,4.39738956700006 -74.143258279,4.39743373100009 -74.1432665699999,4.39747964600008 -74.143274087,4.39752799900009 -74.1432808719999,4.39757927100004 -74.1432868989999,4.39763306300006 -74.1432921229999,4.39768875600009 -74.1432964979999,4.39774574000006 -74.1432999789999,4.39780339300006 -74.1433025229999,4.39786110500006 -74.1433040839999,4.39791825500009 -74.1433046179999,4.39797423100009 -74.143304112,4.39802851400009 -74.143302704,4.39808098100008 -74.1433005599999,4.39813161500007 -74.1432978439999,4.39818038600009 -74.1432947259999,4.39822727900008 -74.1432913749999,4.39827226800008 -74.1432879549999,4.39831533000006 -74.1432846349999,4.39835644400006 -74.1432815439999,4.39839564300007 -74.1432786259999,4.39843318700008 -74.1432758009999,4.39846938400007 -74.1432729739999,4.39850455300007 -74.1432700599999,4.39853900500009 -74.1432669659999,4.39857305200007 -74.1432636029999,4.39860701200007 -74.1432598809999,4.39864119400005 -74.1432557299999,4.39867584600006 -74.1432514709999,4.39870825100007 -74.1431695629999,4.39918147000009 -74.1431693609999,4.39918113200008 -74.1431693619999,4.39918261500009 -74.1431693989999,4.39919827700004 -74.1431721879999,4.39923059300008 -74.1431774009999,4.39926207300005 -74.1431845999999,4.39929231900004 -74.1431933519999,4.39932094300008 -74.1432032189999,4.39934754800009 -74.143213768,4.39937174600004 -74.1432245639999,4.39939314800006 -74.1432351699999,4.39941135500004 -74.1432452419999,4.39942611700008 -74.1432548259999,4.39943772000004 -74.1432640499999,4.39944659300005 -74.1432730509999,4.39945315800009 -74.1432819639999,4.39945783900009 -74.1432909209999,4.39946106800005 -74.1433000549999,4.39946326600005 -74.1433095039999,4.39946485800004 -74.1433193779999,4.39946620600006 -74.1433297219999,4.39946738100008 -74.1433405589999,4.39946840200008 -74.1433519079999,4.39946927700009 -74.1433637959999,4.39947001500008 -74.1433762389999,4.39947063300008 -74.1433892649999,4.39947113800008 -74.1434028929999,4.39947154000009 -74.143417085,4.39947187600006 -74.1434315699999,4.39947225600008 -74.1434460099999,4.39947281400009 -74.1434600689999,4.39947368700007 -74.1434734139999,4.39947500800008 -74.1434857089999,4.39947691000009 -74.1434966209999,4.39947953100005 -74.1435058109999,4.39948300100008 -74.143513046,4.39948741900008 -74.1435184679999,4.39949273400009 -74.1435223289999,4.39949885600009 -74.1435248719999,4.39950569400008 -74.1435263419999,4.39951315700006 -74.1435269879999,4.39952116200004 -74.1435270509999,4.39952961100005 -74.1435267809999,4.39953842000006 -74.1435263629999,4.39954755600007 -74.1435257549999,4.39955721800004 -74.1435248569999,4.39956766100005 -74.1435235679999,4.39957914900009 -74.143521786,4.39959193600009 -74.1435194159999,4.39960627600004 -74.1435163509999,4.39962243500008 -74.1435124939999,4.39964066200008 -74.1435077539999,4.39966111400008 -74.1435020749999,4.39968352800008 -74.1434954139999,4.39970753000006 -74.1434877249999,4.39973275500006 -74.1434789659999,4.39975882800007 -74.143469089,4.39978538400004 -74.1434580489999,4.39981205200007 -74.1434521379999,4.39982480000009 -74.1434057089999,4.39991406600006 -74.1433941159999,4.39993795900006 -74.1433849329999,4.39996118500005 -74.1433790819999,4.39998372400004 -74.1433774699999,4.40000556700005 -74.1433810189999,4.40002670600006 -74.1433902929999,4.40004710300008 -74.1434044449999,4.40006661300009 -74.1434222829999,4.40008507200008 -74.1434426109999,4.40010230900009 -74.1434642339999,4.40011815700007 -74.1434859559999,4.40013244900007 -74.1435065859999,4.40014501700006 -74.1435249259999,4.40015569200006 -74.1435401239999,4.40016440100004 -74.1435526949999,4.40017142600004 -74.1435635029999,4.40017715700009 -74.143573408,4.40018196700004 -74.143583266,4.40018624000004 -74.1435939409999,4.40019035600005 -74.1436062909999,4.40019469500004 -74.1436211759999,4.40019964200008 -74.143639172,4.40020547200004 -74.143659726,4.40021208900009 -74.1436819989999,4.40021928900006 -74.143705156,4.40022686700007 -74.1437283579999,4.40023462400006 -74.1437507659999,4.40024236200009 -74.1437715429999,4.40024987300006 -74.1437898539999,4.40025695900005 -74.143805057,4.40026352300009 -74.1438173399999,4.40026987300007 -74.1438270749999,4.40027642400008 -74.1438346419999,4.40028359400009 -74.1438404229999,4.40029179000004 -74.1438447989999,4.40030143300004 -74.1438481469999,4.40031293400006 -74.143850847,4.40032671100005 -74.1438532119999,4.40034303900006 -74.1438552879999,4.40036167600005 -74.1438570479999,4.40038223700009 -74.1438584769999,4.40040434700006 -74.1438595459999,4.40042762000007 -74.1438602379999,4.40045167400007 -74.1438605259999,4.40047613500008 -74.1438603889999,4.40050061700009 -74.1438598119999,4.40052479600007 -74.1438587999999,4.40054858700006 -74.1438573639999,4.40057195200006 -74.1438555139999,4.40059485700004 -74.1438532609999,4.40061726900007 -74.1438506189999,4.40063915300004 -74.1438475959999,4.40066048000006 -74.1438442049999,4.40068121200005 -74.1438404639999,4.40070133700004 -74.1438364349999,4.40072092700007 -74.1438321829999,4.40074006800006 -74.143827772,4.40075885100009 -74.1438232739999,4.40077736400008 -74.1438187519999,4.40079569800008 -74.1438142759999,4.40081394500004 -74.1438099099999,4.40083218900008 -74.1438057209999,4.40085054500008 -74.1438017549999,4.40086921800008 -74.1437980569999,4.40088842500006 -74.1437946689999,4.40090839300007 -74.1437916419999,4.40092934700004 -74.1437890159999,4.40095151100007 -74.1437868369999,4.40097510900006 -74.1437851499999,4.40100036500007 -74.1437839779999,4.40102735200009 -74.1437832759999,4.40105556100008 -74.1437829759999,4.40108433000006 -74.1437830119999,4.40111299800009 -74.1437833169999,4.40114090400004 -74.1437838219999,4.40116738900008 -74.1437844589999,4.40119178900005 -74.1437851649999,4.40121344600004 -74.1437859069999,4.40123197100007 -74.1437868059999,4.40124805600004 -74.1437880189999,4.40126266000004 -74.1437896979999,4.40127675100007 -74.1437920029999,4.40129129000007 -74.1437950889999,4.40130723800007 -74.1437991169999,4.40132556100008 -74.1438042369999,4.40134722200008 -74.1438105649999,4.40137289100005 -74.1438180579999,4.40140208700006 -74.1438266219999,4.40143404000008 -74.143836168,4.40146797200009 -74.1438466109999,4.40150311700006 -74.1438578539999,4.40153869800008 -74.1438698139999,4.40157394100004 -74.1438823989999,4.40160807400008 -74.1438955549999,4.40164057700008 -74.1439093689999,4.40167191500007 -74.1439239669999,4.40170280300009 -74.1439394669999,4.40173396300008 -74.143955994,4.40176610700007 -74.1439736739999,4.40179995000005 -74.1439926259999,4.40183621500006 -74.1440129739999,4.40187561400006 -74.1440347369999,4.40191860800007 -74.1440575179999,4.40196462500006 -74.1440808119999,4.40201283600004 -74.1441041149999,4.40206241500005 -74.1441269299999,4.40211253000007 -74.144148749,4.40216235200006 -74.1441690719999,4.40221105800009 -74.1441873949999,4.40225781500004 -74.1442033369999,4.40230191900008 -74.1442169869999,4.40234318300008 -74.1442285639999,4.40238153300004 -74.1442382719999,4.40241690700009 -74.1442463289999,4.40244923300008 -74.1442529419999,4.40247844900006 -74.1442583309999,4.40250448300009 -74.1442627019999,4.40252726900007 -74.1442662569999,4.40254687200007 -74.1442691649999,4.40256387800008 -74.1442715839999,4.40257900200004 -74.1442736659999,4.40259296100004 -74.1442755679999,4.40260647300005 -74.1442774489999,4.40262025400006 -74.1442794639999,4.40263501800007 -74.1442808349999,4.40264480400009 -74.1442817689999,4.40265148700007 -74.1442844779999,4.40267016500007 -74.1442875209999,4.40269072300009 -74.1442907869999,4.40271262300007 -74.1442941649999,4.40273533200008 -74.1442975439999,4.40275831200006 -74.1443008089999,4.40278102000008 -74.1443038539999,4.40280292000006 -74.1443065599999,4.40282347900006 -74.1443088539999,4.40284233100004 -74.1443107769999,4.40285980400006 -74.1443124099999,4.40287640600008 -74.1443138329999,4.40289263700009 -74.1443151189999,4.40290900300005 -74.1443163529999,4.40292600500004 -74.1443176059999,4.40294415200009 -74.1443189599999,4.40296394300009 -74.1443204719999,4.40298574200006 -74.1443221069999,4.40300934600009 -74.1443238069999,4.40303440200006 -74.1443255199999,4.40306057000009 -74.1443271879999,4.40308749700006 -74.1443287569999,4.40311484200009 -74.1443301669999,4.40314225100008 -74.1443313659999,4.40316938000007 -74.144332302,4.40319595400007 -74.1443329329999,4.40322198000007 -74.144333232,4.40324753500005 -74.1443331609999,4.40327269700009 -74.144332689,4.40329754700008 -74.1443317819999,4.40332216100006 -74.1443304049999,4.40334661800006 -74.1443285229999,4.40337099700008 -74.1443261179999,4.40339532600007 -74.1443231969999,4.40341943300007 -74.1443197869999,4.40344308900006 -74.1443159059999,4.40346607300006 -74.1443115779999,4.40348816400007 -74.1443068259999,4.40350913400005 -74.1443016709999,4.40352876000009 -74.1442961369999,4.40354681700006 -74.1442902299999,4.40356318200008 -74.1442838859999,4.40357811300004 -74.1442770289999,4.40359196800006 -74.1442695789999,4.40360510800008 -74.1442614589999,4.40361788800004 -74.1442525909999,4.40363066900005 -74.1442428999999,4.40364380800008 -74.1442323009999,4.40365766500008 -74.1442207759999,4.40367252300007 -74.144208536,4.40368837700004 -74.1441958549999,4.40370515100005 -74.1441829889999,4.40372276300008 -74.1441702159999,4.40374113900009 -74.1441577989999,4.40376019500007 -74.1441460089999,4.40377985800006 -74.1441351099999,4.40380004600007 -74.1441253159999,4.40382065600005 -74.1441166059999,4.40384147900005 -74.1441088989999,4.40386227700009 -74.1441021209999,4.40388282000009 -74.1440961909999,4.40390287100007 -74.1440910309999,4.40392219200004 -74.1440865659999,4.40394055200005 -74.1440827119999,4.40395771100009 -74.144079384,4.40397352400009 -74.1440764459999,4.40398817000005 -74.1440737529999,4.40400191900005 -74.1440711609999,4.40401504300007 -74.1440685249999,4.40402781100005 -74.144065699,4.40404048700009 -74.1440625379999,4.40405334200005 -74.1440588969999,4.40406664300008 -74.1440546819999,4.40408057200005 -74.1440500089999,4.40409493800007 -74.144045048,4.40410945900004 -74.1440399609999,4.40412385700006 -74.1440349209999,4.40413785300007 -74.1440300909999,4.40415116600008 -74.1440256429999,4.40416351400006 -74.1440217399999,4.40417462200008 -74.1440185829999,4.40418438700004 -74.1440165019999,4.40419345000009 -74.1440158469999,4.40420262300006 -74.1440169789999,4.40421272300006 -74.1440202549999,4.40422457100004 -74.1440260349999,4.40423898500006 -74.1440346709999,4.40425678000008 -74.1440465249999,4.40427877400009 -74.1440617599999,4.40430544900005 -74.1440797629999,4.40433595400009 -74.144099734,4.40436910100004 -74.1441208649999,4.40440370200008 -74.1441423549999,4.40443857400004 -74.1441633969999,4.40447252800004 -74.1441831889999,4.40450437600009 -74.1442009259999,4.40453293300004 -74.1442159919999,4.40455733900006 -74.1442285339999,4.40457805000005 -74.1442388869999,4.40459584900009 -74.144247387,4.40461152300009 -74.144254369,4.40462585000006 -74.1442601649999,4.40463961900008 -74.1442651129999,4.40465361300005 -74.1442695469999,4.40466861300007 -74.1442737429999,4.40468521000008 -74.1442777249999,4.40470320600008 -74.1442814629999,4.40472221000005 -74.1442849199999,4.40474183000009 -74.1442880669999,4.40476167300005 -74.1442908659999,4.40478135000006 -74.1442932839999,4.40480046600004 -74.1442952879999,4.40481863000008 -74.144296859,4.40483562800006 -74.1442980029999,4.40485195400009 -74.1442987449999,4.40486827900008 -74.1442991089999,4.40488527600007 -74.1442991139999,4.40490361900004 -74.1442987829999,4.40492397800006 -74.1442981419999,4.40494702300009 -74.1442972079999,4.40497342600008 -74.1442960089999,4.40500357800005 -74.1442945649999,4.40503672900007 -74.1442928959999,4.40507185300004 -74.1442910259999,4.40510791800006 -74.1442889779999,4.40514389100008 -74.1442867729999,4.40517874700009 -74.1442844349999,4.40521145200006 -74.1442819829999,4.40524097500008 -74.1442794429999,4.40526666600005 -74.1442768209999,4.40528938000006 -74.144274133,4.40531034500009 -74.1442713909999,4.40533079700009 -74.1442686009999,4.40535196400009 -74.1442657809999,4.40537508000006 -74.1442629349999,4.40540137500005 -74.1442600809999,4.40543208400004 -74.1442572009999,4.40546803600006 -74.1442541779999,4.40550846600007 -74.1442508619999,4.40555221200009 -74.1442471119999,4.40559810800005 -74.1442427799999,4.40564499000004 -74.1442377229999,4.40569169000008 -74.1442317949999,4.40573704900004 -74.1442248499999,4.40577989900004 -74.1442167839999,4.40581933200008 -74.1442076289999,4.40585546200009 -74.144197474,4.40588865800004 -74.1441863879999,4.40591929100009 -74.1441744539999,4.40594772800006 -74.1441617499999,4.40597434000006 -74.1441483529999,4.40599949700004 -74.1441343409999,4.40602356600004 -74.1441198009999,4.40604686900008 -74.1441048479999,4.40606950800009 -74.1440896039999,4.40609154500004 -74.1440741929999,4.40611303100007 -74.1440587369999,4.40613402700006 -74.1440433589999,4.40615458600007 -74.1440281829999,4.40617476200009 -74.1440133289999,4.40619461500006 -74.1439988819999,4.40621423800008 -74.1439847609999,4.40623388200004 -74.1439708369999,4.40625384200007 -74.1439569919999,4.40627440600008 -74.1439431039999,4.40629586600005 -74.143929049,4.40631851100005 -74.1439147039999,4.40634263600009 -74.143899943,4.40636853000007 -74.1438846729999,4.40639637000004 -74.1438689029999,4.40642586500007 -74.1438526629999,4.40645661400009 -74.1438359859999,4.40648821700006 -74.1438189089999,4.40652026300006 -74.1438014619999,4.40655235800006 -74.1437836799999,4.40658409400004 -74.1437655959999,4.40661506600009 -74.1437472599999,4.40664495300007 -74.1437287789999,4.40667373000008 -74.1437102749999,4.40670145500007 -74.1436918709999,4.40672818300004 -74.1436736919999,4.40675397000007 -74.143655856,4.40677887400005 -74.1436384919999,4.40680294700007 -74.1436217169999,4.40682624900006 -74.1436056329999,4.40684885700006 -74.1435902289999,4.40687093800005 -74.1435754739999,4.40689268400007 -74.1435613319999,4.40691428400004 -74.1435477699999,4.40693592700006 -74.1435347569999,4.40695780400006 -74.1435222559999,4.40698011000006 -74.1435102379999,4.40700303100004 -74.1434986789999,4.40702670400009 -74.143487622,4.40705104900007 -74.1434771279999,4.40707593000008 -74.1434672419999,4.40710121500007 -74.1434580289999,4.40712676800007 -74.1434495429999,4.40715245500007 -74.1434418369999,4.40717814400006 -74.1434349709999,4.40720369600007 -74.1434289759999,4.40722899000008 -74.1434238069999,4.40725392400009 -74.1434193989999,4.40727840900007 -74.1434156819999,4.40730235900008 -74.1434125889999,4.40732567700007 -74.1434100549999,4.40734828100005 -74.1434080149999,4.40737008100007 -74.1434063959999,4.40739098400007 -74.1434051279999,4.40741097200009 -74.1434040919999,4.40743031000005 -74.1434031679999,4.40744933400009 -74.143402234,4.40746838300009 -74.1434011649999,4.40748778900007 -74.1433998389999,4.40750788600008 -74.1433981349999,4.40752901600007 -74.1433959269999,4.40755151500008 -74.1433931289999,4.40757559800005 -74.1433897949999,4.40760103600007 -74.1433860159999,4.40762748500009 -74.1433818789999,4.40765459200009 -74.1433774729999,4.40768201500009 -74.1433728889999,4.40770940200008 -74.1433682159999,4.40773640900005 -74.1433635449999,4.40776268900004 -74.1433589459999,4.40778797700005 -74.1433544339999,4.40781234800005 -74.143350015,4.40783595600004 -74.1433456849999,4.40785895800008 -74.143341442,4.40788151700008 -74.1433372889999,4.40790378100007 -74.1433332279999,4.40792591100006 -74.1433292519999,4.40794806300005 -74.1433253799999,4.40797039700004 -74.1433216779999,4.40799306300005 -74.1433182189999,4.40801622500004 -74.1433150859999,4.40804003500006 -74.1433123529999,4.40806465000009 -74.1433100989999,4.40809023100007 -74.1433084069999,4.40811692800008 -74.1433073509999,4.40814490300005 -74.1433070009999,4.40817425800009 -74.1433074019999,4.40820487800005 -74.1433085799999,4.40823659600005 -74.1433105779999,4.40826924400005 -74.1433134219999,4.40830265100004 -74.1433171489999,4.40833665100007 -74.1433217919999,4.40837107800007 -74.1433273849999,4.40840576300008 -74.1433339219999,4.40844055500008 -74.1433412679999,4.40847538100007 -74.1433492349999,4.40851018500007 -74.143357653,4.40854491100009 -74.1433663339999,4.40857950100008 -74.1433751089999,4.40861390200007 -74.1433837909999,4.40864805700005 -74.1433922079999,4.40868190800006 -74.1434002379999,4.40871541300004 -74.143408012,4.40874858500007 -74.1434157159999,4.40878144100009 -74.1434235449999,4.40881400700005 -74.1434316879999,4.40884630500005 -74.1434403339999,4.40887835600006 -74.1434496689999,4.40891018200006 -74.1434598879999,4.40894180700008 -74.1434711029999,4.40897320500005 -74.143483107,4.40900415400006 -74.1434956259999,4.40903438600009 -74.1435083789999,4.40906363400006 -74.1435210889999,4.40909162600008 -74.1435334739999,4.40911809700009 -74.1435452549999,4.40914277500008 -74.1435561559999,4.40916539300008 -74.1435659679999,4.40918582400008 -74.1435747859999,4.40920450900006 -74.1435827769999,4.40922203000008 -74.1435901099999,4.40923896700008 -74.1435969509999,4.40925590500007 -74.1436034689999,4.40927342600008 -74.1436098319999,4.40929211100007 -74.1436162039999,4.40931254200007 -74.1436227489999,4.40933513300007 -74.1436296069999,4.40935961600007 -74.1436369139999,4.40938555500009 -74.1436448009999,4.40941251200007 -74.1436534019999,4.40944005300008 -74.1436628519999,4.40946773700006 -74.1436732839999,4.40949513200007 -74.1436848349999,4.40952179700008 -74.1436975699999,4.40954743700007 -74.1437113129999,4.40957230500004 -74.1437258129999,4.40959679200006 -74.1437408269999,4.40962128900009 -74.1437561109999,4.40964618800007 -74.1437714169999,4.40967188500008 -74.1437864979999,4.40969876800006 -74.1438011119999,4.40972723000004 -74.1438150719999,4.40975758600007 -74.1438284379999,4.40978985900006 -74.1438413399999,4.40982399100005 -74.1438538939999,4.40985992400005 -74.1438662229999,4.40989760600007 -74.1438784529999,4.40993697700009 -74.1438907049999,4.40997798400008 -74.1439031029999,4.41002057100008 -74.1439157379999,4.41006460900007 -74.1439285849999,4.41010970100007 -74.1439415909999,4.41015537600009 -74.1439546959999,4.41020116100009 -74.1439678439999,4.41024658900005 -74.1439809829999,4.41029118900008 -74.143994055,4.41033448800005 -74.1440070049999,4.41037602000006 -74.1440197839999,4.41041540200007 -74.1440323969999,4.41045262500006 -74.1440448529999,4.41048776400004 -74.1440571649999,4.41052089800007 -74.1440693419999,4.41055210600007 -74.1440813949999,4.41058146900008 -74.1440933369999,4.41060906100006 -74.1441051809999,4.41063496200007 -74.1441169079999,4.41065929300004 -74.1441284129999,4.41068234900007 -74.1441395599999,4.41070446200007 -74.1441502129999,4.41072597200008 -74.1441602439999,4.41074721300009 -74.1441695159999,4.41076852200007 -74.1441778929999,4.41079023400005 -74.1441852429999,4.41081268500005 -74.1441914719999,4.41083614600007 -74.1441966529999,4.41086062400007 -74.1442008939999,4.41088606800008 -74.1442043099999,4.41091241700008 -74.1442070099999,4.41093961700005 -74.1442091099999,4.41096761300008 -74.1442107169999,4.41099634800008 -74.1442119429999,4.41102576700007 -74.1442128899999,4.41105580200008 -74.1442135999999,4.41108635200004 -74.1442141119999,4.41111730700004 -74.1442144549999,4.41114855200004 -74.1442146639999,4.41117997400005 -74.1442147729999,4.41121146800009 -74.1442148159999,4.41124291400007 -74.1442148219999,4.41127420400005 -74.1442148099999,4.41130524300007 -74.1442147079999,4.41133601700005 -74.1442144289999,4.41136651800008 -74.1442138799999,4.41139675000005 -74.1442129729999,4.41142671500006 -74.1442116219999,4.41145641300005 -74.1442097339999,4.41148583900008 -74.1442072199999,4.41151499900008 -74.1442040339999,4.41154388100006 -74.1442003009999,4.41157245000005 -74.1441961869999,4.41160066000009 -74.1441918609999,4.41162847000004 -74.1441874919999,4.41165582900004 -74.1441832449999,4.41168269500008 -74.1441792879999,4.41170902500005 -74.1441757899999,4.41173477300009 -74.1441728629999,4.41175995500009 -74.1441682569999,4.41180973600007 -74.1441662669999,4.41183498500004 -74.1441642799999,4.41186090500008 -74.1441621319999,4.41188782300009 -74.1441596739999,4.41191606200005 -74.1441567489999,4.41194594700005 -74.1441532449999,4.41197765500004 -74.1441492639999,4.41201077500006 -74.1441449449999,4.41204474300008 -74.1441404399999,4.41207900700005 -74.1441358879999,4.41211299800005 -74.144131436,4.41214616100007 -74.1441272309999,4.41217793700008 -74.1441234159999,4.41220776300008 -74.1441200959999,4.41223521300009 -74.1441172109999,4.41226037900009 -74.1441146609999,4.41228348400006 -74.1441123459999,4.41230475300006 -74.1441101649999,4.41232440700009 -74.1441080149999,4.41234267400006 -74.1441057999999,4.41235977700006 -74.1441034189999,4.41237593900007 -74.1441007809999,4.41239138300006 -74.1440978519999,4.41240633800004 -74.1440946099999,4.41242102000007 -74.1440910339999,4.41243566200006 -74.1440870999999,4.41245047900009 -74.1440827869999,4.41246570100009 -74.1440780729999,4.41248155100004 -74.1440729329999,4.41249824900007 -74.1440673639999,4.41251594100004 -74.144061426,4.41253442600009 -74.1440551979999,4.41255342700009 -74.144048757,4.41257266400004 -74.1440421829999,4.41259185500007 -74.1440355529999,4.41261072100008 -74.1440289459999,4.41262898300005 -74.1440224389999,4.41264636100004 -74.1440160999999,4.41266265700006 -74.1440099639999,4.41267801400005 -74.1440040489999,4.41269265300008 -74.1439983809999,4.41270680000008 -74.14399298,4.41272067600005 -74.1439878699999,4.41273451000006 -74.1439830729999,4.41274852200007 -74.1439786109999,4.41276293900006 -74.1439745029999,4.41277794200005 -74.1439707509999,4.41279356200005 -74.1439673579999,4.41280978300006 -74.1439643239999,4.41282660200005 -74.1439616439999,4.41284400000006 -74.1439593219999,4.41286197100004 -74.1439573579999,4.41288050300005 -74.1439557519999,4.41289958000004 -74.1439545699999,4.41291923200009 -74.1439541469999,4.41293960700006 -74.1439548849999,4.41296090500009 -74.1439571879999,4.41298331000007 -74.143961455,4.41300701300008 -74.1439680919999,4.41303220500009 -74.1439774959999,4.41305907700007 -74.1439900729999,4.41308781800006 -74.1440060569999,4.41311850400007 -74.14402501,4.41315074600004 -74.1440463319999,4.41318404000009 -74.1440694199999,4.41321788400006 -74.1440936669999,4.41325177100009 -74.1441184709999,4.41328520000008 -74.1441432309999,4.41331766700006 -74.1441673459999,4.41334866500006 -74.1441903479999,4.41337780900005 -74.1442123339999,4.41340517200007 -74.1442335369999,4.41343094600006 -74.1442541939999,4.41345531900009 -74.1442745359999,4.41347848400005 -74.1442948019999,4.41350063100009 -74.1443152249999,4.41352194800004 -74.1443360359999,4.41354262600004 -74.1443573779999,4.41356282700008 -74.1443790129999,4.41358259100008 -74.1444005999999,4.41360193000008 -74.1444218079999,4.41362085200007 -74.1444423049999,4.41363937500006 -74.1444617469999,4.41365750300008 -74.1444798059999,4.41367525300006 -74.1444961459999,4.41369263300004 -74.1445105529999,4.41370969500008 -74.1445232929999,4.41372665800009 -74.1445347629999,4.41374377500006 -74.1445453489999,4.41376130700007 -74.1445554419999,4.41377951300007 -74.1445654369999,4.41379864500004 -74.1445757249999,4.41381896800004 -74.1445866899999,4.41384073300009 -74.1445986159999,4.41386412600008 -74.1446113209999,4.41388903100005 -74.1446245219999,4.41391525600005 -74.1446379199999,4.41394261300007 -74.1446512299999,4.41397090800007 -74.1446641619999,4.41399995900008 -74.1446764219999,4.41402956500008 -74.1446877239999,4.41405954200007 -74.1446978459999,4.41408977400005 -74.1447068769999,4.41412044200007 -74.1447149669999,4.41415180300004 -74.1447222779999,4.41418411700005 -74.1447289639999,4.41421764100005 -74.144735179,4.41425263100007 -74.1447410809999,4.41428934500004 -74.1447468279999,4.41432804100009 -74.1447525829999,4.41436885700006 -74.1447585259999,4.41441144200007 -74.1447648469999,4.41445532500006 -74.14477174,4.41450003600005 -74.1447793909999,4.41454510500006 -74.1447879929999,4.41459006400004 -74.1447977299999,4.41463444000004 -74.1448087999999,4.41467776200005 -74.1448213139999,4.41471962000008 -74.1448350879999,4.41475984700008 -74.1448498659999,4.41479832400006 -74.1448653969999,4.41483494200008 -74.1448814159999,4.41486959000008 -74.1448976699999,4.41490215600004 -74.1449138999999,4.41493252800007 -74.1449298499999,4.41496059100007 -74.1449452919999,4.41498628000005 -74.1449600959999,4.41500970800007 -74.1449741639999,4.41503103100007 -74.144987393,4.41505040700008 -74.1449996829999,4.41506799000007 -74.1450109359999,4.41508393600009 -74.1450210509999,4.41509840600008 -74.1450299259999,4.41511155800009 -74.1450373119999,4.41512367300004 -74.1450423739999,4.41513557200005 -74.1450441309999,4.41514819700006 -74.1450416019999,4.41516249800009 -74.1450338019999,4.41517942000007 -74.1450197469999,4.41519990700004 -74.1449984549999,4.41522490800008 -74.1449689459999,4.41525536900008 -74.1449309589999,4.41529169300009 -74.144887132,4.41533210900008 -74.1448408249999,4.41537430500006 -74.1448907459999,4.41545380500008 -74.1449795199999,4.41559518000008 -74.1449792309999,4.41561637200004 -74.1449796159999,4.41563724100007 -74.1449805319999,4.41565797100009 -74.1449818289999,4.41567874600008 -74.1449833649999,4.41569975300007 -74.1449849909999,4.41572117400005 -74.1449865689999,4.41574319800009 -74.1449879479999,4.41576600900004 -74.1449890119999,4.41578971100006 -74.1449897719999,4.41581411000004 -74.1449902599999,4.41583892200009 -74.1449905199999,4.41586387200005 -74.1449905789999,4.41588868300005 -74.1449904789999,4.41591307500005 -74.144990258,4.41593677100008 -74.1449899489999,4.41595949400005 -74.1449895909999,4.41598107500005 -74.144989226,4.41600181000007 -74.1449888969999,4.41602209700005 -74.1449886489999,4.41604234700009 -74.1449885229999,4.41606295300005 -74.1449885609999,4.41608432600009 -74.1449888099999,4.41610686600006 -74.1449893109999,4.41613097900006 -74.1449900869999,4.41615690400005 -74.1449910989999,4.41618424600006 -74.1449922829999,4.41621243700007 -74.1449935839999,4.41624092800009 -74.144994934,4.41626915100005 -74.1449962799999,4.41629654700006 -74.1449975579999,4.41632255500008 -74.1449987049999,4.41634661800009 -74.1449996779999,4.41636836400005 -74.1450004909999,4.41638818200005 -74.1450011669999,4.41640665700004 -74.1450017309999,4.41642437000007 -74.1450022139999,4.41644190200009 -74.1450026369999,4.41645983100005 -74.1450030309999,4.41647874500006 -74.1450034209999,4.41649922100004 -74.1450038389999,4.41652176900004 -74.1450043539999,4.41654660800009 -74.1450050359999,4.41657388800007 -74.1450059599999,4.41660375600009 -74.1450072029999,4.41663635700007 -74.1450088289999,4.41667184000005 -74.1450109229999,4.41671035300004 -74.1450135509999,4.41675204200004 -74.1450167409999,4.41679665900006 -74.1450180869999,4.41681380600005 -74.1450174329999,4.41681991700005 -74.1450157289999,4.41683928100008 -74.1450140449999,4.41686005400004 -74.1450123569999,4.41688063500004 -74.1450106349999,4.41689977100009 -74.1450088289999,4.41691757500007 -74.1450068979999,4.41693450500009 -74.1450047869999,4.41695101700009 -74.145002454,4.41696756500005 -74.1449998489999,4.41698460800006 -74.1449969219999,4.41700259700008 -74.1449936269999,4.41702199700006 -74.1449899389999,4.41704312500008 -74.1449858989999,4.41706577000008 -74.1449815779999,4.41708959000005 -74.1449770389999,4.41711424000005 -74.1449723529999,4.41713937800006 -74.1449675849999,4.41716465700006 -74.1449627979999,4.41718973600007 -74.1449580639999,4.41721426800007 -74.1449534319999,4.41723798800007 -74.1449488899999,4.41726092700009 -74.144944414,4.41728320000004 -74.1449399779999,4.41730491600009 -74.1449355579999,4.41732618500009 -74.1449311249999,4.41734711900006 -74.1449266539999,4.41736782800007 -74.1449221179999,4.41738842300009 -74.1449175069999,4.41740901400004 -74.1449128469999,4.41742970400009 -74.1449081809999,4.41745059600004 -74.1449035489999,4.41747178900005 -74.1448989949999,4.41749338600005 -74.1448945569999,4.41751549100007 -74.1448902789999,4.41753820400004 -74.144886202,4.41756162700005 -74.1448823499999,4.41758584200005 -74.1448786749999,4.41761086900004 -74.1448751059999,4.41763670400007 -74.1448715769999,4.41766334200008 -74.1448680239999,4.41769078500005 -74.1448643809999,4.41771902800008 -74.1448605769999,4.41774807100006 -74.144856548,4.41777790900005 -74.1448522389999,4.41780854100006 -74.1448476479999,4.41783995500009 -74.1448427879999,4.41787214400006 -74.1448376679999,4.41790509300006 -74.1448323029999,4.41793879500005 -74.1448267029999,4.41797323600008 -74.144820879,4.41800840800005 -74.1448148419999,4.41804430000008 -74.1448086209999,4.41808087500004 -74.1448023039999,4.41811800500005 -74.1447959949999,4.41815553700008 -74.1447898029999,4.41819332000006 -74.1447838299999,4.41823119700007 -74.1447781839999,4.41826902000008 -74.1447729649999,4.41830663300004 -74.144768284,4.41834388200004 -74.1447642049999,4.41838063500006 -74.1447606479999,4.41841682400008 -74.1447574879999,4.41845239800006 -74.1447546069999,4.41848731400006 -74.1447518809999,4.41852152100006 -74.1447491899999,4.41855496700009 -74.1447464109999,4.41858760800005 -74.1447434269999,4.41861939500006 -74.1447401139999,4.41865031000009 -74.1447363409999,4.41868048700007 -74.1447319879999,4.41871008600009 -74.1447269209999,4.41873927300009 -74.1447210129999,4.41876820500005 -74.1447141399999,4.41879705300005 -74.1447061689999,4.41882597800009 -74.1446969739999,4.41885514200004 -74.1446864859999,4.41888466100005 -74.1446748629999,4.41891446900007 -74.1446623189999,4.41894444800005 -74.1446490699999,4.41897447900004 -74.1446353329999,4.41900445300007 -74.1446213219999,4.41903425200007 -74.1446072519999,4.41906375400009 -74.1445933399999,4.41909285100007 -74.1445797559999,4.41912142900009 -74.1445664689999,4.41914938900004 -74.1445534049999,4.41917664200008 -74.1445404859999,4.41920309800008 -74.1445276439999,4.41922866100009 -74.1445147969999,4.41925324100009 -74.1445018719999,4.41927674900006 -74.1444887939999,4.41929908800006 -74.1444754749999,4.41932020800004 -74.1444617539999,4.41934019700005 -74.1444474609999,4.41935918600007 -74.1444324259999,4.41937730300009 -74.1444164779999,4.41939467300006 -74.1443994479999,4.41941142900009 -74.1443811569999,4.41942769900004 -74.1443614399999,4.41944360900004 -74.1443402169999,4.41945925900006 -74.1443177879999,4.41947462200005 -74.1442945439999,4.41948964600005 -74.144270876,4.41950428000007 -74.1442471789999,4.41951846400008 -74.1442238419999,4.41953214700004 -74.1442012609999,4.41954527200005 -74.1441798239999,4.41955779000006 -74.144159811,4.41956968400007 -74.1441410409999,4.41958112900005 -74.1441232149999,4.41959233600005 -74.1441060329999,4.41960352000007 -74.1440892079999,4.41961489100004 -74.1440724319999,4.41962667000007 -74.1440554169999,4.41963906400008 -74.1440378589999,4.41965228900006 -74.1440195859999,4.41966648500005 -74.1440008849999,4.41968149400009 -74.1439821659999,4.41969708300007 -74.1439638359999,4.41971302100006 -74.1439463059999,4.41972907000007 -74.1439299849999,4.41974500400005 -74.1439152819999,4.41976058800009 -74.1439026059999,4.41977559000009 -74.143892235,4.41978982400008 -74.1438839439999,4.41980327400006 -74.1438773719999,4.41981597600005 -74.1438721589999,4.41982796500008 -74.1438679499999,4.41983927000007 -74.1438643879999,4.41984992600004 -74.1438611119999,4.41985996500006 -74.1438577639999,4.41986942200009 -74.1438540409999,4.41987834300005 -74.1438498389999,4.41988682200008 -74.1438451129999,4.41989497300005 -74.1438398129999,4.41990290600006 -74.1438338909999,4.41991072700006 -74.1438273019999,4.41991854900004 -74.1438199939999,4.41992648100006 -74.1438119189999,4.41993463600005 -74.143803095,4.41994311000008 -74.1437937919999,4.41995195900006 -74.1437843419999,4.41996122900008 -74.1437750779999,4.41997096200009 -74.1437663329999,4.41998120300008 -74.1437584399999,4.41999199500009 -74.1437517329999,4.42000338500009 -74.1437465459999,4.42001541600007 -74.1437431459999,4.42002813900007 -74.1437415409999,4.42004163500008 -74.1437416709999,4.42005599300006 -74.1437434789999,4.42007129600006 -74.1437469039999,4.42008763300009 -74.1437518879999,4.42010509500005 -74.1437583759999,4.42012376700006 -74.1437663049999,4.42014373200004 -74.1437755919999,4.42016501300009 -74.1437860259999,4.42018733700007 -74.143797376,4.42021035800008 -74.1438094069999,4.42023373800009 -74.1438218819999,4.42025713100008 -74.1438345689999,4.42028019800006 -74.1438472329999,4.42030259300009 -74.1438596399999,4.42032397500009 -74.1438715819999,4.42034409000007 -74.1438829789999,4.42036304900006 -74.1438937859999,4.42038105300009 -74.1439039439999,4.42039829800007 -74.1439134079999,4.42041498300006 -74.1439221229999,4.42043131200006 -74.1439300429999,4.42044747900007 -74.1439371119999,4.42046368700005 -74.1439433229999,4.42048007800008 -74.1439488509999,4.42049659500009 -74.1439539119999,4.42051311800009 -74.1439587189999,4.42052953200005 -74.1439634859999,4.42054572100005 -74.1439684339999,4.42056157100006 -74.1439737749999,4.42057696500007 -74.1439797239999,4.42059178700009 -74.1439864579999,4.42060597300008 -74.1439939739999,4.42061965600004 -74.1440022399999,4.42063303200007 -74.1440112099999,4.42064628300005 -74.1440208479999,4.42065960000008 -74.1440311139999,4.42067317300007 -74.1440419689999,4.42068719000008 -74.1440533719999,4.42070183800007 -74.1440653139999,4.42071725500006 -74.1440779019999,4.42073337300008 -74.1440912769999,4.42075007600005 -74.1441055769999,4.42076724500009 -74.1441209339999,4.42078476000006 -74.1441374869999,4.42080250300006 -74.1441553779999,4.42082035700008 -74.1441747399999,4.42083820400006 -74.1441956219999,4.42085597600004 -74.1442176919999,4.42087382100004 -74.1442405379999,4.42089193400005 -74.1442637339999,4.42091051900007 -74.1442868689999,4.42092977000004 -74.1443095159999,4.42094988900004 -74.1443312599999,4.42097107100005 -74.1443516799999,4.42099351800005 -74.1443704839999,4.42101733500004 -74.1443878669999,4.42104225600008 -74.1444041579999,4.42106792200008 -74.1444196799999,4.42109397600007 -74.1444347509999,4.42112006100007 -74.1444496999999,4.42114581700008 -74.1444648489999,4.42117089000004 -74.1444805219999,4.42119491700009 -74.144496951,4.42121759800006 -74.1445140049999,4.42123884600005 -74.1445314629999,4.42125863700005 -74.1445491009999,4.42127693400005 -74.1445666969999,4.42129371300007 -74.1445840299999,4.42130893900008 -74.1446008779999,4.42132259000005 -74.1446170179999,4.42133463100009 -74.1446322819999,4.42134514000008 -74.1446467339999,4.42135460500009 -74.1446604839999,4.42136362200006 -74.1446736489999,4.42137278900009 -74.1446863459999,4.42138270100008 -74.1446986879999,4.42139394900005 -74.1447107889999,4.42140713500004 -74.1447227669999,4.42142285100005 -74.1447346829999,4.42144151600007 -74.1447463939999,4.42146283000005 -74.1447576999999,4.42148632100009 -74.1447684089999,4.42151151000007 -74.1447783179999,4.42153792600004 -74.1447872329999,4.42156508900007 -74.1447949589999,4.42159252800008 -74.1448012949999,4.42161976400007 -74.1448060799999,4.42164643900009 -74.144809285,4.42167263800008 -74.1448109119999,4.42169856000004 -74.1448109719999,4.42172441100007 -74.1448094639999,4.42175039000006 -74.1448063939999,4.42177669900008 -74.1448017689999,4.42180353500004 -74.1447955919999,4.42183110600007 -74.1447879309999,4.42185954300004 -74.1447790839999,4.42188873800006 -74.1447694139999,4.42191850700004 -74.1447592869999,4.42194867600006 -74.1447490639999,4.42197906200005 -74.1447391059999,4.42200949400006 -74.144729777,4.42203978700007 -74.1447214419999,4.42206977000006 -74.1447143609999,4.42209929400008 -74.1447084109999,4.42212837600005 -74.1447033649999,4.42215706400009 -74.1446989999999,4.42218540500005 -74.1446950899999,4.42221344800009 -74.14469141,4.42224124200004 -74.1446877389999,4.42226883400008 -74.144683847,4.42229627400008 -74.1446795649999,4.42232363600004 -74.1446749229999,4.42235108600005 -74.1446700029999,4.42237881700004 -74.1446648909999,4.42240702100008 -74.1446596679999,4.42243589400005 -74.1446544189999,4.42246562400004 -74.1446492259999,4.42249640600005 -74.1446441719999,4.42252843000006 -74.1446393109999,4.42256177300004 -74.1446345779999,4.42259602400009 -74.1446298759999,4.42263065400005 -74.1446251129999,4.42266513900006 -74.1446201929999,4.42269894800006 -74.1446150209999,4.42273155400005 -74.1446094999999,4.42276242900004 -74.1446035369999,4.42279104500005 -74.1445971099999,4.42281708300004 -74.1445904779999,4.42284106300008 -74.1445839809999,4.42286370600004 -74.1445779469999,4.42288573600007 -74.1445727129999,4.42290788500009 -74.1445686129999,4.42293087300004 -74.1445659809999,4.42295542600004 -74.1445651499999,4.42298227200007 -74.1445663509999,4.42301191500007 -74.1445693929999,4.42304399800008 -74.1445739859999,4.42307794300007 -74.1445798299999,4.42311316400009 -74.1445866359999,4.42314908500009 -74.1445941059999,4.42318512900005 -74.1446019489999,4.42322071900008 -74.1446098669999,4.42325526800005 -74.1446176099999,4.42328837700006 -74.1446250749999,4.42332031500007 -74.1446322059999,4.42335152600009 -74.144638944,4.42338245700006 -74.1446452319999,4.42341355200006 -74.1446510089999,4.42344525800007 -74.1446562189999,4.42347801400007 -74.144660799,4.42351227000006 -74.1446647229999,4.42354838200009 -74.1446680619999,4.42358636400007 -74.14467092,4.42362613600005 -74.1446734019999,4.42366762800009 -74.1446756089999,4.42371076600006 -74.1446776429999,4.42375547000006 -74.1446796079999,4.42380167000005 -74.1446816069999,4.42384928600006 -74.1446837269999,4.42389816800005 -74.1446860009999,4.42394783600008 -74.1446884469999,4.42399773300008 -74.144691082,4.42404730100009 -74.1446939219999,4.42409598300009 -74.1446969849999,4.42414322000008 -74.1447002939999,4.42418845500009 -74.1447038579999,4.42423113000007 -74.144707691,4.42427093000009 -74.1447117729999,4.42430850500006 -74.1447160779999,4.42434474700008 -74.1447205729999,4.42438054800004 -74.144725235,4.42441680100006 -74.1447300299999,4.42445439900007 -74.1447349339999,4.42449423400006 -74.1447399179999,4.42453719700006 -74.1447449379999,4.42458397300004 -74.1447498889999,4.42463440900008 -74.1447546439999,4.42468814300008 -74.1447590869999,4.42474481600004 -74.1447630899999,4.42480406400006 -74.1447665329999,4.42486552700007 -74.1447692909999,4.42492884300009 -74.1447712459999,4.42499365500009 -74.1447723139999,4.42505949800005 -74.1447725969999,4.42512552800008 -74.1447722349999,4.42519080200009 -74.1447713659999,4.42525437100005 -74.1447701369999,4.42531529500008 -74.144768687,4.42537262700006 -74.1447671549999,4.42542542200005 -74.1447656839999,4.42547274000009 -74.1447643749999,4.42551394900005 -74.1447631719999,4.42554971600009 -74.1447619729999,4.42558101700007 -74.1447606859999,4.42560882800007 -74.1447592069999,4.42563413500005 -74.1447574429999,4.42565791200008 -74.1447552959999,4.42568114400007 -74.1447526649999,4.42570480400008 -74.1447494529999,4.42572967200005 -74.1447455449999,4.42575569700006 -74.1447408279999,4.42578263700005 -74.1447351859999,4.42581023900004 -74.1447285039999,4.42583825400004 -74.1447206699999,4.42586643300007 -74.1447115639999,4.42589452400006 -74.1447010749999,4.42592228200004 -74.1446891369999,4.42594945800005 -74.1446758749999,4.42597582300004 -74.14466146,4.42600114400005 -74.1446460709999,4.42602519400009 -74.1446298819999,4.42604774600005 -74.1446130659999,4.42606856500009 -74.1445957999999,4.42608743000005 -74.1445782559999,4.42610410900005 -74.1445605689999,4.42611845600004 -74.1445426869999,4.42613068000009 -74.1445245309999,4.42614106000008 -74.1445060119999,4.42614988800005 -74.1444870409999,4.42615745400008 -74.1444675319999,4.42616403900007 -74.1444473979999,4.42616993300004 -74.1444265499999,4.42617542700009 -74.1444049439999,4.42618077200007 -74.144382704,4.42618609900006 -74.1443599949999,4.42619149700005 -74.1443369759999,4.42619706400006 -74.1443138159999,4.42620289500007 -74.1442906779999,4.42620908600009 -74.1442677279999,4.42621572700006 -74.1442451289999,4.42622291600009 -74.1442230289999,4.42623072600009 -74.1442015089999,4.42623914700005 -74.1441806439999,4.42624814600009 -74.1441604949999,4.42625769700004 -74.1441411349999,4.42626776000009 -74.1441226299999,4.42627831100009 -74.1441050469999,4.42628931600007 -74.1440884559999,4.42630074300007 -74.1440728929999,4.42631262100008 -74.1440582909999,4.42632521200005 -74.1440445509999,4.42633883200006 -74.1440315699999,4.42635381000008 -74.1440192479999,4.42637046000004 -74.1440074909999,4.42638910400007 -74.1439961969999,4.42641006300005 -74.1439852639999,4.42643365700008 -74.1439746149999,4.42646017000004 -74.1439642519999,4.42648973100006 -74.1439541889999,4.42652242700007 -74.1439444479999,4.42655834800007 -74.1439350519999,4.42659758400009 -74.1439260139999,4.42664022800005 -74.1439173599999,4.42668637000008 -74.1439091039999,4.42673609500008 -74.1439012639999,4.42678937800008 -74.1438938409999,4.42684571000007 -74.1438868329999,4.42690446700004 -74.143880238,4.42696502800004 -74.1438740519999,4.42702676000005 -74.143868273,4.42708904100004 -74.1438628959999,4.42715124700004 -74.1438579219999,4.42721275200006 -74.1438533369999,4.42727305100004 -74.1438490919999,4.42733213200006 -74.1438451269999,4.42739010800005 -74.1438413839999,4.42744708300006 -74.1438377999999,4.42750317300005 -74.1438343199999,4.42755848200005 -74.1438308839999,4.42761312600004 -74.1438274319999,4.42766720900005 -74.1438239129999,4.42772086900004 -74.1438203099999,4.42777434800007 -74.1438166159999,4.42782791500008 -74.1438128209999,4.42788183300007 -74.1438089169999,4.42793637500006 -74.1438048969999,4.42799180400004 -74.1438007509999,4.42804839400009 -74.1437964689999,4.42810640700009 -74.1437920479999,4.42816594000004 -74.1437874869999,4.42822639300005 -74.1437827849999,4.42828700000007 -74.1437779469999,4.42834699000008 -74.1437729759999,4.42840558700004 -74.1437678699999,4.42846202600009 -74.1437626329999,4.42851553800006 -74.1437572699999,4.42856534600008 -74.1437517809999,4.42861092000004 -74.1437461909999,4.42865264900007 -74.1437405249999,4.42869115800005 -74.1437348039999,4.42872707500004 -74.1437290579999,4.42876102600007 -74.1437233079999,4.42879363700007 -74.1437175799999,4.42882553600009 -74.1437119009999,4.42885734400005 -74.1437062859999,4.42888959300006 -74.1437007199999,4.42892239900004 -74.14369518,4.42895579000009 -74.1436896439999,4.42898978300008 -74.1436840879999,4.42902439900007 -74.1436784899999,4.42905966100005 -74.143672825,4.42909559000009 -74.1436670719999,4.42913221000009 -74.1436612009999,4.42916954300006 -74.1436551649999,4.42920760500004 -74.1436489019999,4.42924641900004 -74.1436423589999,4.42928600600004 -74.1436354749999,4.42932638600007 -74.1436282029999,4.42936757900009 -74.1436204759999,4.42940960600009 -74.1436122449999,4.42945248800004 -74.1436034789999,4.42949623000004 -74.1435942639999,4.42954077200005 -74.1435847149999,4.42958604000006 -74.1435749429999,4.42963195900006 -74.1435650619999,4.42967845600009 -74.1435551889999,4.42972545300006 -74.1435454379999,4.42977288100008 -74.1435359189999,4.42982066300004 -74.1435267159999,4.42986873000007 -74.1435177739999,4.42991702400008 -74.1435090029999,4.42996550500004 -74.1435003169999,4.43001412300009 -74.1434916279999,4.43006282900006 -74.1434828509999,4.43011158000007 -74.1434738919999,4.43016032200006 -74.1434646689999,4.43020901300008 -74.1434551279999,4.43025755300005 -74.1434453539999,4.43030566400006 -74.1434354689999,4.43035301000009 -74.1434255989999,4.43039926300008 -74.1434158609999,4.43044409100008 -74.1434063799999,4.43048716400006 -74.1433972759999,4.43052814900005 -74.1433886709999,4.43056671600004 -74.1433806859999,4.43060266300006 -74.1433734219999,4.43063629900007 -74.1433669749999,4.43066806500008 -74.1433614409999,4.43069839600008 -74.143356922,4.43072773400007 -74.1433535139999,4.43075651400005 -74.1433513129999,4.43078517700008 -74.1433504189999,4.43081416400008 -74.1433508929999,4.43084382800009 -74.143352649,4.43087421700005 -74.1433555649999,4.43090529100004 -74.1433595219999,4.43093701400005 -74.1433643979999,4.43096934500005 -74.1433700659999,4.43100225000006 -74.1433764139999,4.43103568900005 -74.1433833099999,4.43106962800005 -74.1433906589999,4.43110400900008 -74.1433984079999,4.43113870300004 -74.1434065299999,4.43117356700009 -74.1434149979999,4.43120845300007 -74.1434237839999,4.43124321600004 -74.1434328529999,4.43127770800004 -74.1434421859999,4.43131178200008 -74.1434517449999,4.43134529800005 -74.1434615299999,4.43137818900004 -74.1434716249999,4.43141073200007 -74.143482145,4.43144329000006 -74.1434932009999,4.43147622300006 -74.1435049009999,4.43150988900004 -74.1435173589999,4.43154465400005 -74.1435306879999,4.43158087500007 -74.1435449969999,4.43161891400007 -74.143560325,4.43165900400004 -74.1435764479999,4.43170087600009 -74.1435930639999,4.43174412400009 -74.1436098709999,4.43178835000009 -74.1436265699999,4.43183315100009 -74.1436428639999,4.43187813300005 -74.1436584499999,4.43192288900008 -74.1436730289999,4.43196701900007 -74.1436863689999,4.43201019100007 -74.1436985159999,4.43205233100008 -74.1437095779999,4.43209343200004 -74.1437196719999,4.43213348200004 -74.1437289049999,4.43217248100007 -74.1437373889999,4.43221041600009 -74.1437452399999,4.43224727900008 -74.1437525659999,4.43228306800006 -74.1437594639999,4.43231779100006 -74.1437659699999,4.43235155100007 -74.1437720979999,4.43238447500005 -74.1437778709999,4.43241668300004 -74.1437833069999,4.43244830100008 -74.1437884199999,4.43247944900008 -74.1437932339999,4.43251025200004 -74.1437977639999,4.43254083500005 -74.1438020389999,4.43257127700008 -74.1438061339999,4.43260149100007 -74.1438101249999,4.43263134200009 -74.1438140989999,4.43266070500005 -74.1438181389999,4.43268944100009 -74.143822327,4.43271742400009 -74.1438267409999,4.43274452000009 -74.1438314669999,4.43277060000008 -74.1438365089999,4.43279561100007 -74.1438415789999,4.43281981900009 -74.1438463049999,4.43284356900006 -74.1438503199999,4.43286720500009 -74.1438532579999,4.43289107800007 -74.1438547489999,4.43291552600004 -74.143854427,4.43294089800008 -74.143851922,4.43296754100004 -74.1438469459999,4.43299569200008 -74.1438395309999,4.43302515700009 -74.1438297869999,4.43305564400009 -74.1438178199999,4.43308684900006 -74.1438037439999,4.43311848000008 -74.1437876669999,4.43315023400004 -74.1437696979999,4.43318181500007 -74.1437499479999,4.43321292800005 -74.1437285569999,4.43324330100006 -74.1437057739999,4.43327279200008 -74.1436818849999,4.43330128500008 -74.143657173,4.43332866900005 -74.1436319189999,4.43335483300007 -74.1436064079999,4.43337965500007 -74.143580917,4.43340303100007 -74.1435557329999,4.43342483700008 -74.1435310719999,4.43344500700005 -74.1435068819999,4.43346360600009 -74.1434830539999,4.43348073900006 -74.1434594669999,4.43349652100005 -74.1434360099999,4.43351105600004 -74.1434125629999,4.43352445300008 -74.1433890189999,4.43353681800005 -74.1433652569999,4.43354826200004 -74.1433411879999,4.43355890200007 -74.1433168269999,4.43356890700005 -74.1432922109999,4.43357845800006 -74.1432673849999,4.43358773400007 -74.1432423809999,4.43359691400008 -74.1432172399999,4.43360617900004 -74.1431920019999,4.43361571100007 -74.1431667059999,4.43362568700007 -74.1431413809999,4.43363623900007 -74.1431160159999,4.43364730200005 -74.1430905939999,4.43365876600006 -74.1430650959999,4.43367051600006 -74.1430395039999,4.43368244300007 -74.1430137989999,4.43369443400007 -74.1429879589999,4.43370637800007 -74.1429619699999,4.43371815600005 -74.1429358449999,4.43372968900007 -74.1429097399999,4.43374098800007 -74.1428838419999,4.43375209100009 -74.142858337,4.43376304100008 -74.1428334169999,4.43377387600009 -74.1428092669999,4.43378463300007 -74.14278608,4.43379535600008 -74.1427640439999,4.43380608300009 -74.1427432989999,4.43381686800006 -74.1427238359999,4.43382783000004 -74.1427055859999,4.43383909600004 -74.1426884969999,4.43385080400009 -74.142672505,4.43386308200007 -74.1426575509999,4.43387606400006 -74.1426435739999,4.43388988100008 -74.1426305129999,4.43390466900007 -74.1426183869999,4.43392055000004 -74.1426074899999,4.43393764400008 -74.1425982049999,4.43395606200005 -74.1425909049999,4.43397592000008 -74.1425859659999,4.43399732800009 -74.1425837639999,4.43402039600005 -74.142584671,4.43404524200008 -74.1425890709999,4.43407197400006 -74.1425971689999,4.43410059800004 -74.1426085249999,4.43413066700009 -74.1426225279999,4.43416162300008 -74.1426385749999,4.43419291400005 -74.1426560579999,4.43422398700005 -74.1426743659999,4.43425428000006 -74.1426928969999,4.43428324100006 -74.1427110389999,4.43431031100005 -74.1427282969999,4.43433508000004 -74.1427445929999,4.43435768400008 -74.1427599709999,4.43437840300004 -74.1427744579999,4.43439752200004 -74.1427880969999,4.43441531500008 -74.1428009199999,4.43443206700005 -74.1428129639999,4.43444805700005 -74.1428242639999,4.43446356500004 -74.1428348689999,4.43447883900006 -74.1428448879999,4.43449397800009 -74.1428544409999,4.43450905900005 -74.1428636489999,4.43452415100006 -74.142872629,4.43453932800008 -74.1428815059999,4.43455465500006 -74.1428903949999,4.43457020400007 -74.1428994229999,4.43458605000006 -74.142908712,4.43460228300006 -74.1429184039999,4.43461907500006 -74.1429286549999,4.43463662400006 -74.142939613,4.43465511900007 -74.1429514269999,4.43467476000006 -74.1429642449999,4.43469574000005 -74.1429782219999,4.43471825400007 -74.1429935049999,4.43474249700006 -74.1430101859999,4.43476857800005 -74.1430281069999,4.43479627300007 -74.1430470609999,4.43482527600008 -74.14306683,4.43485527600006 -74.1430872009999,4.43488596500009 -74.1431079629999,4.43491703400008 -74.1431288999999,4.43494817800007 -74.1431498019999,4.43497908500007 -74.1431704649999,4.43500952100004 -74.1431907379999,4.43503954400006 -74.1432104849999,4.43506928200009 -74.1432295679999,4.43509886000004 -74.1432478489999,4.43512841600005 -74.1432651899999,4.43515807400007 -74.1432814529999,4.43518796800009 -74.1432964979999,4.43521822100007 -74.1433102329999,4.43524893400007 -74.1433227389999,4.43528006600008 -74.1433341419999,4.43531154100009 -74.1433445649999,4.43534328600009 -74.1433541329999,4.43537522500009 -74.1433629729999,4.43540728700009 -74.1433712079999,4.43543939600005 -74.1433789649999,4.43547147900006 -74.1433863519999,4.43550346900008 -74.1433934059999,4.43553533700009 -74.1434001549999,4.43556706100009 -74.1434066169999,4.43559862100005 -74.1434128169999,4.43562999200009 -74.1434187779999,4.43566115600004 -74.1434245249999,4.43569208900004 -74.1434300779999,4.43572277000004 -74.1434354439999,4.43575326500007 -74.1434405719999,4.43578399900008 -74.1434453829999,4.43581548300006 -74.1434498089999,4.43584822500009 -74.1434537799999,4.43588274000007 -74.1434572189999,4.43591953900005 -74.1434600569999,4.43595913100006 -74.1434622239999,4.43600203000005 -74.1434636799999,4.43604854700004 -74.1434645339999,4.43609820500006 -74.1434649349999,4.43615032500009 -74.1434650189999,4.43620423500005 -74.1434649349999,4.43625925600008 -74.1434648289999,4.43631471100008 -74.1434648389999,4.43636992400008 -74.1434651159999,4.43642421700008 -74.1434657839999,4.43647707600007 -74.1434669169999,4.43652860900005 -74.1434685739999,4.43657908800009 -74.1434708119999,4.43662878000009 -74.1434736939999,4.43667795800008 -74.1434772739999,4.43672689200008 -74.1434816119999,4.43677584800008 -74.1434867659999,4.43682509900009 -74.1434927629999,4.43687480800008 -74.1434995019999,4.43692470800005 -74.1435068489999,4.43697442600006 -74.1435146709999,4.43702359300005 -74.1435228349999,4.43707183000009 -74.1435312059999,4.43711876800006 -74.1435396509999,4.43716403400009 -74.1435480399999,4.43720725200006 -74.1435562429999,4.43724819700009 -74.143564163,4.43728718700004 -74.143571704,4.43732468900009 -74.1435787749999,4.43736117400005 -74.1435852849999,4.43739710300008 -74.1435911389999,4.43743294500007 -74.1435962429999,4.43746916600008 -74.1436005079999,4.43750622800007 -74.1436038459999,4.43754442800008 -74.1436062019999,4.43758335200005 -74.1436075269999,4.43762242200006 -74.1436077719999,4.43766105600008 -74.1436068909999,4.43769867200007 -74.1436048309999,4.43773468500007 -74.1436015439999,4.43776851400008 -74.1435969859999,4.43779958000005 -74.1435911289999,4.43782751300006 -74.1435840639999,4.43785280300006 -74.1435758969999,4.43787616000009 -74.1435667469999,4.43789828900009 -74.1435567169999,4.43791990100004 -74.1435459209999,4.43794170000007 -74.1435344749999,4.43796439100009 -74.1435224859999,4.43798868600004 -74.1435100649999,4.43801519000004 -74.1434972989999,4.43804413000004 -74.1434842739999,4.43807563000007 -74.1434710729999,4.43810981700005 -74.143457785,4.43814681200007 -74.1434444939999,4.43818674500005 -74.143431286,4.43822973800008 -74.1434182449999,4.43827592100007 -74.1434054659999,4.43832519300008 -74.143393091,4.43837655300007 -74.1433812679999,4.43842877900005 -74.1433701489999,4.43848065000009 -74.1433598809999,4.43853094000008 -74.1433506189999,4.43857842600005 -74.1433425069999,4.43862188500009 -74.1433356999999,4.43866009400006 -74.1433303029999,4.43869215500007 -74.1433262459999,4.43871847500009 -74.1433234189999,4.43873978900007 -74.1433217069999,4.43875682700008 -74.1433210009999,4.43877032500006 -74.1433211849999,4.43878101900009 -74.1433221459999,4.43878963500009 -74.1433237779999,4.43879691300009 -74.1433259249999,4.43880354700008 -74.1433282859999,4.43881010100006 -74.1433305219999,4.43881709400006 -74.1433322919999,4.43882505700009 -74.1433332559999,4.43883451200008 -74.1433330759999,4.43884598500006 -74.1433314089999,4.43886000000009 -74.1433279179999,4.43887708300008 -74.1433223749999,4.43889775900004 -74.1433150319999,4.43892256400005 -74.1433062469999,4.43895203400007 -74.1432963829999,4.43898670900006 -74.1432858019999,4.43902711800007 -74.1432748679999,4.43907380600007 -74.1432639429999,4.43912730300008 -74.1432533889999,4.43918814800008 -74.1432435269999,4.43925650600005 -74.1432345199999,4.43933105600007 -74.1432264869999,4.43941010200007 -74.1432195479999,4.43949195300007 -74.1432138239999,4.43957491400005 -74.1432094329999,4.43965729400009 -74.1432064989999,4.43973740100006 -74.1432051389999,4.43981353700008 -74.1432054439999,4.43988439700007 -74.1432073809999,4.43995021900008 -74.1432108849999,4.44001162500007 -74.1432158909999,4.44006923800009 -74.1432223349999,4.44012368500006 -74.1432301559999,4.44017558100006 -74.1432392849999,4.44022555600009 -74.1432496589999,4.44027423100005 -74.1432611819999,4.44032209400007 -74.1432736119999,4.44036908300006 -74.1432866789999,4.44041499700006 -74.1433001079999,4.44045963700006 -74.1433136309999,4.44050280900007 -74.1433269699999,4.44054431000006 -74.1433398559999,4.44058394100006 -74.1433520159999,4.44062150700006 -74.1433632369999,4.44065687000005 -74.1433735649999,4.44069013800009 -74.1433831059999,4.44072148200007 -74.1433919659999,4.44075107200007 -74.1434002519999,4.44077908100007 -74.1434080689999,4.44080567900005 -74.143415521,4.44083104000009 -74.1434227199999,4.44085532900004 -74.1434297469999,4.44087876300006 -74.1434366249999,4.44090173600006 -74.1434433439999,4.44092468100007 -74.1434499089999,4.44094803500008 -74.1434563109999,4.44097223100005 -74.1434625499999,4.44099770700007 -74.1434686239999,4.44102489600004 -74.1434745289999,4.44105423700006 -74.1434802629999,4.44108602300008 -74.1434858029999,4.44112001600007 -74.1434911289999,4.44115583400009 -74.1434962179999,4.44119309500007 -74.1435010539999,4.44123141900008 -74.1435056109999,4.44127042700006 -74.1435098669999,4.44130973900008 -74.143513804,4.44134897200007 -74.1435174,4.44138783500006 -74.1435206479999,4.44142638700009 -74.1435235459999,4.44146476900005 -74.1435260869999,4.44150312900007 -74.1435282669999,4.44154161100005 -74.1435300809999,4.44158036000005 -74.1435315259999,4.44161952600007 -74.1435325949999,4.44165924500004 -74.1435333049999,4.44169961900008 -74.14353374,4.44174055300005 -74.1435340049999,4.44178190700006 -74.1435342059999,4.44182353700006 -74.1435344489999,4.44186530200005 -74.1435348359999,4.44190706300009 -74.143535471,4.44194867300007 -74.1435364619999,4.44198999400004 -74.1435379329999,4.44203090800005 -74.1435400739999,4.44207138300004 -74.143543098,4.44211141800008 -74.1435472199999,4.44215101000009 -74.1435526519999,4.44219015400006 -74.1435596009999,4.44222884100009 -74.1435682829999,4.44226707200005 -74.143578912,4.44230484200006 -74.1435916219999,4.44234216800004 -74.1436062629999,4.44237915300005 -74.1436226069999,4.44241592600008 -74.1436404249999,4.44245261200007 -74.1436594909999,4.44248934000007 -74.1436795779999,4.44252623200009 -74.1437004599999,4.44256341900007 -74.1437219079999,4.44260102800007 -74.1437437589999,4.44263914400005 -74.1437660839999,4.44267769900006 -74.1437890239999,4.44271658700006 -74.1438127159999,4.44275569900009 -74.1438372979999,4.44279493100004 -74.1438629049999,4.44283417400004 -74.1438896759999,4.44287332000005 -74.1439177459999,4.44291226200005 -74.1439471829999,4.44295093300008 -74.1439777769999,4.44298943200005 -74.1440092419999,4.44302789000005 -74.1440412929999,4.44306644400007 -74.1440736509999,4.44310523300004 -74.1441060309999,4.44314439100009 -74.1441381499999,4.44318405600006 -74.1441697239999,4.44322435800007 -74.1442004939999,4.44326541800007 -74.1442303029999,4.44330726200008 -74.1442590179999,4.44334989500004 -74.1442864999999,4.44339332900006 -74.1443126199999,4.44343756600006 -74.1443372389999,4.44348261300007 -74.1443602269999,4.44352847900007 -74.1443814509999,4.44357517100008 -74.1444008159999,4.44362269600009 -74.1444184019999,4.44367106600009 -74.1444343309999,4.44372030000005 -74.1444487279999,4.44377040900008 -74.1444617149999,4.44382141300008 -74.1444734099999,4.44387332300005 -74.1444839369999,4.44392615600009 -74.1444934219999,4.44397992500006 -74.1445019779999,4.44403475200005 -74.1445096889999,4.44409115800005 -74.1445166419999,4.44414977200006 -74.1445229139999,4.44421122200009 -74.1445285849999,4.44427613800008 -74.1445337329999,4.44434514400007 -74.1445384479999,4.44441887200009 -74.1445428029999,4.44449794700006 -74.1445468569999,4.44458262600006 -74.1445505729999,4.44467167000005 -74.1445538909999,4.44476346900007 -74.1445567469999,4.44485641700004 -74.1445590819999,4.44494890100009 -74.1445608359999,4.44503931100007 -74.1445619489999,4.44512603800007 -74.1445623549999,4.44520747100006 -74.1445619919999,4.44528246300007 -74.1445607599999,4.44535169600005 -74.1445585579999,4.44541632000005 -74.1445552839999,4.44547748500008 -74.1445508319999,4.44553633000004 -74.1445450999999,4.44559400700007 -74.1445379859999,4.44565166400008 -74.1445293849999,4.44571044200006 -74.1445192559999,4.44577125600006 -74.1445077909999,4.44583407100009 -74.1444952479999,4.44589861600008 -74.144481874,4.44596461700007 -74.144467931,4.44603180700005 -74.1444536679999,4.44609991100009 -74.1444393369999,4.44616866300004 -74.1444251969999,4.44623778800008 -74.1444114799999,4.44630706500004 -74.1443983419999,4.44637644700009 -74.1443859109999,4.44644594400006 -74.1443743279999,4.44651555400009 -74.1443637199999,4.44658528800005 -74.1443542249999,4.44665514700006 -74.1443459739999,4.44672513500007 -74.1443391029999,4.44679525700008 -74.1443336919999,4.44686545100006 -74.1443296039999,4.44693538600006 -74.1443266539999,4.44700466600005 -74.1443246519999,4.44707289200005 -74.1443234089999,4.44713966800009 -74.1443227369999,4.44720460100007 -74.1443224469999,4.44726728900008 -74.1443223529999,4.44732733700005 -74.1443222729999,4.44738453800005 -74.144322068,4.44743944900006 -74.144321595,4.44749280800005 -74.1443207239999,4.44754535800007 -74.1443193219999,4.44759785100007 -74.1443172499999,4.44765102300005 -74.1443143749999,4.44770562300005 -74.1443105609999,4.44776239000009 -74.1443056919999,4.44782186300006 -74.1442997339999,4.44788373300008 -74.1442926679999,4.44794748800007 -74.1442844749999,4.44801261200007 -74.1442751419999,4.44807859500008 -74.1442646479999,4.44814491900007 -74.1442529749999,4.44821107000007 -74.144240109,4.44827653700008 -74.1442260579999,4.44834084900009 -74.1442109369999,4.44840373100004 -74.1441948849999,4.44846495300004 -74.1441780449999,4.44852428500008 -74.1441605569999,4.44858149700008 -74.1441425629999,4.44863635700005 -74.1441242059999,4.44868863900007 -74.1441056239999,4.44873811000008 -74.1440869199999,4.44878463300006 -74.1440680329999,4.44882842600009 -74.1440488629999,4.44886979700004 -74.1440293169999,4.44890905500006 -74.1440092899999,4.44894651200008 -74.1439886869999,4.44898247700007 -74.1439674069999,4.44901725800008 -74.1439453479999,4.44905116600006 -74.1439224639999,4.44908449500008 -74.1438988879999,4.44911747600008 -74.1438748029999,4.44915033200004 -74.1438503919999,4.44918327500005 -74.1438258359999,4.44921652700009 -74.1438013199999,4.44925030600007 -74.1437770249999,4.44928482700004 -74.1437531359999,4.44932031100006 -74.1437298019999,4.44935688400005 -74.1437070439999,4.44939428600009 -74.1436848519999,4.44943218000009 -74.1436632109999,4.44947021200005 -74.1436421139999,4.44950803800009 -74.1436215449999,4.44954531100007 -74.1436014969999,4.44958168700009 -74.1435819589999,4.44961681700005 -74.1435628859999,4.44965044500009 -74.1435441379999,4.44968267800004 -74.1435255389999,4.44971370800005 -74.1435069169999,4.44974373400004 -74.1434880969999,4.44977294800009 -74.1434689049999,4.44980154900009 -74.1434491699999,4.44982973000009 -74.1434287149999,4.44985768700008 -74.1434074389999,4.44988557800008 -74.1433855169999,4.44991342800006 -74.1433631949999,4.44994122000008 -74.1433407219999,4.44996893800004 -74.1433183379999,4.44999657300008 -74.1432962919999,4.45002410700005 -74.1432748289999,4.45005152300007 -74.1432541979999,4.45007881200007 -74.1432345799999,4.45010595800005 -74.1432159139999,4.45013297100007 -74.1431980789999,4.45015985100008 -74.1431809489999,4.45018661100005 -74.1431644039999,4.45021325500005 -74.1431483189999,4.45023979200005 -74.1431325729999,4.45026622800009 -74.1431170419999,4.45029256900006 -74.1431016239999,4.45031881300008 -74.1430863109999,4.45034491800004 -74.1430711169999,4.45037082200008 -74.143056053,4.45039647700008 -74.1430411329999,4.45042182300006 -74.1430263689999,4.45044680600006 -74.1430117739999,4.45047136800008 -74.1429973629999,4.45049545700005 -74.1429831149999,4.45051912800005 -74.1429688849999,4.45054287800008 -74.142954502,4.45056731400007 -74.1429397869999,4.45059304400007 -74.1429245669999,4.45062068100009 -74.1429086639999,4.45065083000009 -74.1428919049999,4.45068410000005 -74.1428741129999,4.45072110100006 -74.1428551349999,4.45076227100009 -74.142834907,4.45080738600006 -74.1428133849999,4.45085605300005 -74.1427905229999,4.45090788500005 -74.1427662799999,4.45096248600004 -74.1427406139999,4.45101946100004 -74.142713479,4.45107842400006 -74.1426848329999,4.45113897700008 -74.142654735,4.45120059200008 -74.1426236679999,4.45126217600006 -74.1425922179999,4.45132249600005 -74.1425609679999,4.45138032000006 -74.1425305049999,4.45143442100004 -74.1425014129999,4.45148356100009 -74.1424742799999,4.45152651300009 -74.1424496889999,4.45156204300008 -74.1424280619999,4.45158936800004 -74.1424091479999,4.45160948800009 -74.1423925359999,4.45162385600008 -74.1423778109999,4.45163391800008 -74.1423645579999,4.45164112400005 -74.1423523649999,4.45164692600008 -74.1423408189999,4.45165277100006 -74.1423295039999,4.45166010600008 -74.1423180699999,4.45167008900006 -74.1423064199999,4.45168269000004 -74.14229452,4.45169758100008 -74.1422823339999,4.45171443900006 -74.1422698279999,4.45173294000006 -74.1422569699999,4.45175275700007 -74.1422437229999,4.45177356800008 -74.1422300519999,4.45179504800006 -74.1422159819999,4.45181688300005 -74.1422017499999,4.45183882600008 -74.1421876559999,4.45186063600005 -74.1421739999999,4.45188208300004 -74.1421610739999,4.45190292900008 -74.1421491809999,4.45192293700006 -74.1421386139999,4.45194187000004 -74.142129672,4.45195949700008 -74.1421225429999,4.45197571600005 -74.1421169589999,4.45199100300005 -74.1421125449999,4.45200597100006 -74.1421089259999,4.45202123500007 -74.1421057239999,4.45203740300008 -74.1421025649999,4.45205508900005 -74.1420990699999,4.45207491300005 -74.1420948639999,4.45209748000008 -74.1420896619999,4.45212324700009 -74.1420835499999,4.45215203400005 -74.1420767099999,4.45218349900006 -74.1420693119999,4.45221730300005 -74.1420615419999,4.45225310300009 -74.1420535749999,4.45229056200009 -74.1420455879999,4.45232933700004 -74.1420377599999,4.45236909100009 -74.1420302149999,4.45240953100006 -74.1420228619999,4.45245058000006 -74.1420155589999,4.45249221100005 -74.1420081589999,4.45253439700008 -74.1420005199999,4.45257711300007 -74.1419924979999,4.45262032900007 -74.1419839449999,4.45266401900005 -74.1419747219999,4.45270815800006 -74.1419647309999,4.45275271900005 -74.1419540679999,4.45279769300009 -74.141942878,4.45284307600008 -74.1419313099999,4.45288886000009 -74.1419195049999,4.45293503700009 -74.1419076079999,4.45298160200008 -74.1418957679999,4.45302854900007 -74.1418841259999,4.45307587000008 -74.1418728089999,4.45312357000006 -74.1418618469999,4.45317169700007 -74.1418512459999,4.45322030300008 -74.1418410229999,4.45326944500005 -74.141831179,4.45331918200009 -74.1418217299999,4.45336956700004 -74.1418126819999,4.45342065800008 -74.1418040449999,4.45347250800006 -74.1417958249999,4.45352513000006 -74.1417880239999,4.45357834800006 -74.1417806339999,4.45363193600008 -74.1417736509999,4.45368567000008 -74.1417670739999,4.45373932900009 -74.1417608969999,4.45379268600004 -74.1417551129999,4.45384552100006 -74.1417497239999,4.45389761200005 -74.1417447099999,4.45394879000008 -74.1417400269999,4.45399913000006 -74.1417356089999,4.45404876300006 -74.1417313999999,4.45409782400009 -74.1417273389999,4.45414644200008 -74.141723366,4.45419475100005 -74.1417194199999,4.45424288200007 -74.1417154409999,4.45429096600009 -74.1417113899999,4.45433905000004 -74.1417072919999,4.45438681800005 -74.1417031939999,4.45443387000006 -74.1416991419999,4.45447981000007 -74.1416951829999,4.45452423400008 -74.1416913639999,4.45456674200005 -74.1416877269999,4.45460693100006 -74.1416843199999,4.45464440600006 -74.1416810969999,4.45467886700004 -74.1416776309999,4.45471043900005 -74.1416733999999,4.45473935100006 -74.1416678839999,4.45476583400006 -74.1416605629999,4.45479011400005 -74.1416509149999,4.45481242000005 -74.1416384259999,4.45483298000005 -74.1416225669999,4.45485202700007 -74.1416030489999,4.45486979900005 -74.1415804799999,4.45488659000006 -74.1415557039999,4.45490270600004 -74.1415295569999,4.45491845400005 -74.1415028729999,4.45493414100008 -74.1414764959999,4.45495007100004 -74.1414512619999,4.45496655200009 -74.1414280079999,4.45498389200009 -74.1414073149999,4.45500241500008 -74.1413887099999,4.45502254800004 -74.1413714709999,4.45504473500006 -74.1413548669999,4.45506942200007 -74.1413381689999,4.45509705300009 -74.1413206499999,4.45512807600005 -74.1413015829999,4.45516293000009 -74.1412802379999,4.45520206800006 -74.1412560879999,4.45524574700005 -74.1412293879999,4.45529347300004 -74.1412005959999,4.45534457000008 -74.14117017,4.45539836100005 -74.1411385619999,4.45545416800007 -74.1411062329999,4.45551131400009 -74.1410736369999,4.45556912300009 -74.1410412309999,4.45562691500004 -74.1410094009999,4.45568416600008 -74.1409782429999,4.45574097200006 -74.1409477809999,4.45579757400009 -74.1409180469999,4.45585422600004 -74.1408890579999,4.45591116700007 -74.1408608469999,4.45596864700008 -74.1408334359999,4.45602691300007 -74.1408068519999,4.45608621200006 -74.1407811349999,4.45614669500009 -74.1407563909999,4.45620816200005 -74.1407327429999,4.45627031000009 -74.1407103109999,4.45633284400009 -74.1406892119999,4.45639546500007 -74.1406695709999,4.45645787700005 -74.1406515069999,4.45651978100005 -74.1406351429999,4.45658088300007 -74.1406205369999,4.45664088200004 -74.1406075029999,4.45669949200004 -74.1405957949999,4.45675642400005 -74.1405851629999,4.45681139600009 -74.1405753599999,4.45686411300005 -74.1405661389999,4.45691429300007 -74.1405572539999,4.45696164900005 -74.1405484549999,4.45700589200004 -74.1405395339999,4.45704681900008 -74.1405304459999,4.45708457100005 -74.1405211839999,4.45711936800006 -74.1405117409999,4.45715143700005 -74.1405021079999,4.45718099800007 -74.1404922789999,4.45720827300005 -74.1404822479999,4.45723348900009 -74.1404720059999,4.45725686600008 -74.1404615209999,4.45727861700004 -74.1404506579999,4.45729891700006 -74.1404392569999,4.45731792700008 -74.140427154,4.45733580800004 -74.1404141889999,4.45735272400009 -74.1404002019999,4.45736883400008 -74.1403850279999,4.45738430600005 -74.1403685109999,4.45739929600006 -74.1403505529999,4.45741393600008 -74.140331349,4.45742820000004 -74.1403111529999,4.45744202900005 -74.1402902239999,4.45745536500004 -74.1402688249999,4.45746814900008 -74.1402472059999,4.45748032400007 -74.1402256339999,4.45749182900005 -74.1402043639999,4.45750260800008 -74.1401835919999,4.45751261100008 -74.1401632679999,4.45752182300009 -74.1401432819999,4.45753024500004 -74.1401235209999,4.45753786900008 -74.1401038739999,4.45754469000008 -74.1400842319999,4.45755071100007 -74.1400644819999,4.45755592200004 -74.1400445099999,4.45756032400004 -74.1400242459999,4.45756395400008 -74.1400037639999,4.45756703000006 -74.1399831779999,4.45756981300008 -74.1399626069999,4.45757256100006 -74.1399421589999,4.45757554000005 -74.1399219569999,4.45757900400008 -74.1399021069999,4.45758321700009 -74.1398827299999,4.45758843900006 -74.1398639059999,4.45759486000009 -74.1398455919999,4.45760239300006 -74.1398277189999,4.45761087800008 -74.1398102119999,4.45762015500009 -74.1397929939999,4.45763006900006 -74.1397759959999,4.45764045800007 -74.1397591459999,4.45765116400008 -74.1397423679999,4.45766202700008 -74.1397256019999,4.45767300300008 -74.139708831,4.45768448000007 -74.1396920489999,4.45769696300005 -74.1396752569999,4.45771095100008 -74.1396584439999,4.45772695100004 -74.1396416069999,4.45774546100006 -74.1396247439999,4.45776698400005 -74.1396078459999,4.45779202400007 -74.1395909429999,4.45782091200005 -74.1395741739999,4.45785329800009 -74.1395577129999,4.45788866600009 -74.1395417299999,4.45792649500004 -74.1395264009999,4.45796626400005 -74.1395119009999,4.45800745600008 -74.1394983949999,4.45804955200009 -74.1394860609999,4.45809203200008 -74.1394749939999,4.45813448200005 -74.1394649849999,4.45817690800004 -74.139455757,4.45821943000004 -74.1394470249999,4.45826215500006 -74.1394385049999,4.45830520000004 -74.1394299149999,4.45834868000009 -74.1394209759999,4.45839270500005 -74.1394113979999,4.45843739100007 -74.1394009739999,4.45848280100006 -74.1393897489999,4.45852878700009 -74.1393778419999,4.45857515100005 -74.1393653709999,4.45862170200007 -74.1393524569999,4.45866823700004 -74.1393392139999,4.45871455800005 -74.1393257579999,4.45876047200005 -74.1393122119999,4.45880577900004 -74.1392986719999,4.45885034500009 -74.1392851619999,4.45889427500009 -74.1392716919999,4.45893773800009 -74.1392582629999,4.45898089900004 -74.1392448839999,4.45902392900007 -74.1392315589999,4.45906699500006 -74.1392182929999,4.45911026400006 -74.1392050949999,4.45915390100009 -74.1391919859999,4.45919803400005 -74.1391790519999,4.45924259300006 -74.1391663989999,4.45928747500005 -74.1391541289999,4.45933257300004 -74.1391423449999,4.45937777500006 -74.1391311549999,4.45942297200008 -74.1391206589999,4.45946805800008 -74.1391109619999,4.45951292500007 -74.1391021439999,4.45955741800009 -74.1390941849999,4.45960120300009 -74.1390870399999,4.45964389600005 -74.1390806679999,4.45968512100006 -74.1390750229999,4.45972449000004 -74.1390700629999,4.45976162700009 -74.1390657419999,4.45979614900006 -74.1390620179999,4.45982767600009 -74.1390588239999,4.45985601200005 -74.139056003,4.45988171700009 -74.1390533749999,4.45990552800009 -74.1390507609999,4.45992819000008 -74.1390479809999,4.45995044400007 -74.139044855,4.45997303400009 -74.1390412049999,4.45999670100008 -74.1390368519999,4.46002218800004 -74.1390316789999,4.46005001700007 -74.1390258289999,4.46007984900007 -74.1390195089999,4.46011111500007 -74.1390129279999,4.46014325500005 -74.1390062939999,4.46017570600009 -74.1389998079999,4.46020790400007 -74.1389936869999,4.46023928900007 -74.1389881339999,4.46026929500005 -74.1389833069999,4.46029750900004 -74.1389791939999,4.46032409100007 -74.138975721,4.46034935400007 -74.1389728289999,4.46037361100008 -74.1389704499999,4.46039716600006 -74.1389685169999,4.46042033700007 -74.1389669669999,4.46044343000005 -74.1389657299999,4.46046675600007 -74.1389647139999,4.46049062300006 -74.1389636799999,4.46051532700005 -74.1389623669999,4.46054116200008 -74.1389605069999,4.46056841900008 -74.1389578329999,4.46059739000009 -74.1389540819999,4.46062837100004 -74.1389489849999,4.46066165500008 -74.1389422789999,4.46069753000006 -74.1389337959999,4.46073614500006 -74.1389237699999,4.46077705700009 -74.1389125259999,4.46081967100008 -74.1389004019999,4.46086339400006 -74.1388877269999,4.46090763500007 -74.138874831,4.46095180400005 -74.1388620429999,4.46099530400005 -74.1388496959999,4.46103754800009 -74.1388380199999,4.46107815900007 -74.1388268239999,4.46111764900007 -74.1388158209999,4.46115674000009 -74.1388047179999,4.46119616400006 -74.1387932239999,4.46123664900006 -74.1387810489999,4.46127891800006 -74.1387679009999,4.46132370300006 -74.1387534919999,4.46137173000005 -74.1387376339999,4.46142349800004 -74.1387205689999,4.46147860200006 -74.1387026359999,4.46153639900007 -74.1386841819999,4.46159625800004 -74.1386655489999,4.46165753900004 -74.1386470809999,4.46171960900006 -74.138629121,4.46178182600005 -74.1386120139999,4.46184355900004 -74.1385960149999,4.46190426200008 -74.1385810499999,4.46196375800008 -74.1385669499999,4.46202196500008 -74.1385535519999,4.46207879900004 -74.1385406899999,4.46213417700005 -74.1385282009999,4.46218801400005 -74.1385159199999,4.46224022800004 -74.1385036799999,4.46229073600006 -74.1384913759999,4.46233941400004 -74.1384791399999,4.46238598200006 -74.1384671589999,4.46243012500008 -74.1384556209999,4.46247152500007 -74.1384447149999,4.46250986200005 -74.1384346279999,4.46254482200004 -74.1384255519999,4.46257608600007 -74.1384176739999,4.46260333400005 -74.1384110789999,4.46262647000009 -74.1384054619999,4.46264629100006 -74.1384004039999,4.46266380600008 -74.1383955019999,4.46268003300008 -74.1383903399999,4.46269598100008 -74.1383845079999,4.46271266700006 -74.138377595,4.46273110400006 -74.1383691879999,4.46275230900005 -74.1383589939999,4.46277700900009 -74.1383471839999,4.46280480700005 -74.1383340489999,4.46283501700009 -74.1383198809999,4.46286695600008 -74.1383049619999,4.46289994600005 -74.1382895869999,4.46293329800005 -74.1382740419999,4.46296633400004 -74.1382586189999,4.46299836800006 -74.1382435189999,4.46302885400007 -74.1382286039999,4.46305778200008 -74.1382136419999,4.46308527800005 -74.138198412,4.46311147100005 -74.1381826809999,4.46313648900008 -74.1381662239999,4.46316045300006 -74.1381488169999,4.46318349500007 -74.1381302259999,4.46320573800006 -74.1381103189999,4.46322725400006 -74.1380892889999,4.46324787300006 -74.1380674219999,4.46326736800006 -74.1380450059999,4.46328552000006 -74.1380223299999,4.46330209700005 -74.1379996759999,4.46331688000009 -74.1379773309999,4.46332963900005 -74.1379555799999,4.46334015100007 -74.1379346769999,4.46334830100005 -74.1379147439999,4.46335440300004 -74.1378958649999,4.46335888800007 -74.1378781289999,4.46336218200008 -74.1378616199999,4.46336471200004 -74.1378464279999,4.46336690200008 -74.137832639,4.46336918400004 -74.137820341,4.46337198400005 -74.1378095359999,4.46337574400007 -74.1377999149999,4.46338097100005 -74.137791079,4.46338818700008 -74.1377826319999,4.46339792000009 -74.1377741769999,4.46341068600009 -74.1377653229999,4.46342701400005 -74.1377556689999,4.46344742700006 -74.1377448209999,4.46347244500009 -74.137732534,4.46350237800004 -74.1377191619999,4.46353669000007 -74.1377052049999,4.46357461900004 -74.1376911699999,4.46361541700009 -74.1376775589999,4.46365832700008 -74.1376648759999,4.46370259900004 -74.1376536249999,4.46374747100009 -74.1376443089999,4.46379219500005 -74.1376373459999,4.46383617500004 -74.1376328139999,4.46387943800005 -74.137630709,4.46392217700009 -74.1376310249999,4.46396458400005 -74.1376337569999,4.46400684100007 -74.137638895,4.46404914500005 -74.1376464359999,4.46409168400004 -74.1376563719999,4.46413464600005 -74.1376686609999,4.46417813300008 -74.1376830939999,4.46422188800005 -74.1376994269999,4.46426557200004 -74.1377174119999,4.46430884200009 -74.1377368049999,4.46435135000007 -74.1377573569999,4.46439275900008 -74.1377788269999,4.46443272400006 -74.1378009649999,4.46447090100008 -74.137823593,4.46450707400004 -74.1378467759999,4.46454152200005 -74.137870646,4.46457465400005 -74.1378953409999,4.46460687000007 -74.1379209859999,4.46463858600009 -74.1379477159999,4.46467020200009 -74.137975664,4.46470212300005 -74.1380049629999,4.46473476000006 -74.1380356599999,4.46476840400004 -74.1380674669999,4.46480289800007 -74.1381000139999,4.46483797400009 -74.1381329319999,4.46487336500007 -74.1381658469999,4.46490880100009 -74.1381983909999,4.46494401100006 -74.1382301909999,4.46497872800006 -74.1382608769999,4.46501268300005 -74.1382900849999,4.46504569300009 -74.1383174649999,4.46507789100008 -74.1383426779999,4.46510950700008 -74.1383653779999,4.46514076500006 -74.1383852279999,4.46517188300004 -74.1384018839999,4.46520309000005 -74.1384150049999,4.46523460300006 -74.1384242479999,4.46526665500005 -74.1384293949999,4.46529942200004 -74.1384307139999,4.46533294900007 -74.1384285939999,4.46536723500009 -74.1384234299999,4.46540228400005 -74.1384156039999,4.46543809200006 -74.138405513,4.46547467000005 -74.1383935489999,4.46551200700009 -74.1383800969999,4.46555011500004 -74.138365501,4.46558893400004 -74.1383499089999,4.46562817800009 -74.1383334239999,4.46566750600005 -74.138316142,4.46570657200004 -74.1382981669999,4.46574503400007 -74.1382795949999,4.46578255000009 -74.1382605299999,4.46581878000006 -74.1382410699999,4.46585337500005 -74.1382212999999,4.46588606400007 -74.1382012559999,4.46591683400004 -74.1381809599999,4.46594574500006 -74.1381604289999,4.46597284600006 -74.1381396869999,4.46599820200004 -74.1381187509999,4.46602186400008 -74.1380976439999,4.46604388800006 -74.1380763869999,4.46606433800008 -74.1380549329999,4.46608326700004 -74.1380329919999,4.46610076300004 -74.1380101999999,4.46611691300006 -74.1379861969999,4.46613180900005 -74.1379606269999,4.46614553600006 -74.1379331239999,4.46615818400005 -74.1379033339999,4.46616984500008 -74.1378708909999,4.46618060200007 -74.13783559,4.46619053300009 -74.1377978189999,4.46619964600006 -74.1377581069999,4.46620793800008 -74.1377169929999,4.46621540200005 -74.1376750129999,4.46622203700008 -74.137632703,4.46622783200007 -74.1375905979999,4.46623278600009 -74.1375492339999,4.46623689300009 -74.1375090499999,4.46624016200008 -74.1374701059999,4.46624265400004 -74.1374323679999,4.46624445000009 -74.1373957979999,4.46624562500006 -74.1373603609999,4.46624625500004 -74.1373260219999,4.46624641900007 -74.137292741,4.46624619400006 -74.1372604879999,4.46624565500008 -74.1372292319999,4.46624486000007 -74.1371989909999,4.46624378600006 -74.1371697869999,4.46624238500004 -74.1371416409999,4.46624061800009 -74.1371145809999,4.46623844100009 -74.1370886279999,4.46623580600004 -74.1370638049999,4.46623267500007 -74.1370401389999,4.46622899800008 -74.1370176359999,4.46622478200004 -74.1369962329999,4.46622022300005 -74.1369758639999,4.46621556200006 -74.1369564489999,4.46621104500008 -74.1369379129999,4.46620691300006 -74.136920185,4.46620341100004 -74.1369031859999,4.46620078100005 -74.1368868439999,4.46619926600005 -74.1368710099999,4.46619930100007 -74.136855249,4.46620208400009 -74.1368390439999,4.46620900800008 -74.1368218819999,4.46622146000004 -74.1368032539999,4.46624083300009 -74.1367826469999,4.46626851700006 -74.1367595449999,4.46630590000007 -74.1367334409999,4.46635437500004 -74.1367040829999,4.46641470400004 -74.1366722909999,4.46648513500008 -74.1366391339999,4.46656329400008 -74.1366057029999,4.46664680500004 -74.1365730669999,4.46673329000009 -74.1365423089999,4.46682036900006 -74.1365145099999,4.46690566900008 -74.1364907459999,4.46698681300006 -74.1364717859999,4.46706196300005 -74.1364571689999,4.46713144700004 -74.1364461129999,4.46719613500005 -74.1364378499999,4.46725689200008 -74.1364316019999,4.46731458700009 -74.1364265949999,4.46737009100008 -74.1364220529999,4.46742426900005 -74.1364172019999,4.46747799100007 -74.1364114269999,4.46753188200006 -74.1364047529999,4.46758561300004 -74.1363973679999,4.46763860400006 -74.1363894529999,4.46769028500006 -74.1363811959999,4.46774007700009 -74.1363727829999,4.46778740800005 -74.1363643979999,4.46783170200007 -74.1363562269999,4.46787238600007 -74.1363483479999,4.46790906500007 -74.1363404059999,4.46794205500004 -74.1363319419999,4.46797185700007 -74.136322489,4.46799897200009 -74.1363115889999,4.46802389500004 -74.1362987789999,4.46804712600004 -74.136283595,4.46806916300005 -74.1362655769999,4.46809050500008 -74.1362442859999,4.46811159400005 -74.1362193719999,4.46813263300004 -74.1361905039999,4.46815376400008 -74.1361573539999,4.46817513800005 -74.1361195979999,4.46819690100006 -74.1360769009999,4.46821919600006 -74.1360289419999,4.46824216600004 -74.1359753909999,4.46826596400007 -74.135916258,4.46829064300005 -74.1358529209999,4.46831590800008 -74.1357871039999,4.46834138700007 -74.1357205209999,4.46836669600009 -74.1356548919999,4.46839145200005 -74.1355919369999,4.46841528200008 -74.1355333749999,4.46843780200004 -74.1354809239999,4.46845863200008 -74.1354358379999,4.46847753400004 -74.1353975209999,4.46849485100006 -74.1353649029999,4.46851105300004 -74.1353369279999,4.46852662400005 -74.1353125249999,4.46854204500005 -74.1352906349999,4.46855779000009 -74.1352701889999,4.46857434100008 -74.1352501289999,4.46859218100008 -74.1352295479999,4.46861176800007 -74.1352081729999,4.46863352100007 -74.1351858899999,4.46865783200008 -74.1351625909999,4.46868510700006 -74.1351381579999,4.46871573500005 -74.1351124779999,4.46875012300006 -74.1350854429999,4.46878866000009 -74.1350569359999,4.46883175600004 -74.1350269469999,4.46887954400006 -74.1349958799999,4.46893115000006 -74.1349642349999,4.46898543800006 -74.1349325199999,4.46904127900007 -74.1349012389999,4.46909753500006 -74.1348708939999,4.46915307000006 -74.1348419939999,4.46920675700005 -74.1348150359999,4.46925745800007 -74.1347904059999,4.46930432400006 -74.1347679719999,4.46934764400004 -74.1347474819999,4.46938798900004 -74.1347286879999,4.46942593100005 -74.1347113329999,4.46946204700009 -74.1346951699999,4.46949690400004 -74.1346799389999,4.46953107600007 -74.1346653959999,4.46956513800006 -74.1346512909999,4.46959952200007 -74.1346374139999,4.46963411600007 -74.1346235599999,4.46966866500009 -74.134609527,4.46970291800005 -74.1345951089999,4.46973662300007 -74.1345801019999,4.46976952700004 -74.1345643029999,4.46980137800006 -74.1345475059999,4.46983192300007 -74.1345295809999,4.46986100700008 -74.1345106669999,4.46988885100006 -74.1344909789999,4.46991577800009 -74.1344707299999,4.46994210800005 -74.1344501319999,4.46996815700004 -74.1344293989999,4.46999424800009 -74.1344087429999,4.47002069800004 -74.1343883799999,4.47004782600004 -74.134368375,4.47007593700005 -74.1343482219999,4.47010526000008 -74.1343272649999,4.47013600600008 -74.134304847,4.47016839500009 -74.1342803229999,4.47020263200005 -74.1342530319999,4.47023893600004 -74.1342223209999,4.47027752000008 -74.1341875379999,4.47031859500004 -74.1341483369999,4.47036220800004 -74.1341056059999,4.47040772800005 -74.1340605429999,4.47045435400008 -74.1340143419999,4.47050129200005 -74.1339682019999,4.47054774000009 -74.1339233189999,4.47059289900005 -74.1338808869999,4.47063597000005 -74.1338421059999,4.47067615800006 -74.1338078339999,4.47071292800007 -74.1337775669999,4.47074682500005 -74.1337504669999,4.47077865900008 -74.1337256939999,4.47080923700008 -74.1337024059999,4.47083937600007 -74.1336797659999,4.47086987700004 -74.133656932,4.47090155900008 -74.1336330649999,4.47093522900008 -74.1336075149999,4.47097150400009 -74.1335803919999,4.47101025600006 -74.1335519959999,4.47105115200009 -74.1335226299999,4.47109387000006 -74.1334925889999,4.47113808700004 -74.1334621779999,4.47118347400004 -74.1334316949999,4.47122970900006 -74.1334014419999,4.47127646100006 -74.133371656,4.47132348500008 -74.1333423289999,4.47137081400007 -74.1333133879999,4.47141855500007 -74.133284768,4.47146682200008 -74.1332563979999,4.47151572300004 -74.1332282019999,4.47156536400007 -74.1332001139999,4.47161586000004 -74.133172064,4.47166731700008 -74.1331439979999,4.47171983700008 -74.1331159389999,4.47177349600008 -74.1330879329999,4.47182836200005 -74.1330600209999,4.47188450400006 -74.1330322429999,4.47194199000006 -74.1330046459999,4.47200089100005 -74.1329772689999,4.47206127200008 -74.1329501569999,4.47212320100004 -74.1329233319999,4.47218668000005 -74.1328967449999,4.47225141300004 -74.1328703309999,4.47231704800009 -74.1328440249999,4.47238321900005 -74.1328177569999,4.47244957400005 -74.1327914599999,4.47251574700005 -74.1327650689999,4.47258138200004 -74.1327385149999,4.47264611700007 -74.1327117379999,4.47270963600005 -74.1326846799999,4.47277176800009 -74.1326572899999,4.47283239800009 -74.1326295149999,4.47289139300005 -74.1326013049999,4.47294863400009 -74.1325726089999,4.47300399400007 -74.1325433729999,4.47305734900004 -74.1325135449999,4.47310857300005 -74.1324831009999,4.47315757800004 -74.1324521099999,4.47320441300008 -74.1324206729999,4.47324915600007 -74.1323888839999,4.47329188700007 -74.1323568439999,4.47333269100005 -74.1323246509999,4.47337164600009 -74.1322924039999,4.47340883500004 -74.1322601959999,4.47344434100006 -74.1322280859999,4.47347828900007 -74.1321959589999,4.47351099700006 -74.1321636609999,4.47354283200008 -74.1321310319999,4.47357415100009 -74.1320979159999,4.47360532100009 -74.1320641559999,4.47363670400006 -74.1320296,4.47366866300007 -74.1319940879999,4.47370156400007 -74.1319575049999,4.47373568200004 -74.1319199029999,4.47377093600005 -74.1318813789999,4.47380717000004 -74.1318420239999,4.47384421100008 -74.1318019389999,4.47388189900005 -74.1317612109999,4.47392006900009 -74.1317199369999,4.47395855600007 -74.1316782139999,4.47399719600008 -74.1316361789999,4.47403584600005 -74.1315941579999,4.47407445300007 -74.131552515,4.47411298200007 -74.1315116259999,4.47415140100009 -74.1314718579999,4.47418967800007 -74.1314335779999,4.47422778100008 -74.1313971569999,4.47426567400004 -74.1313629609999,4.47430332800008 -74.1313312339999,4.47434073200009 -74.1313016719999,4.47437797200007 -74.1312738549999,4.47441515700007 -74.1312473509999,4.47445239500007 -74.1312217359999,4.47448979400008 -74.1311965819999,4.47452746700009 -74.1311714579999,4.47456552000006 -74.13114594,4.47460406300007 -74.1311197039999,4.47464315200006 -74.1310928429999,4.47468263500008 -74.1310655519999,4.47472230200009 -74.1310380259999,4.47476195500008 -74.1310104629999,4.47480137800005 -74.1309830599999,4.47484037500004 -74.1309560099999,4.47487873300008 -74.1309295109999,4.47491625100008 -74.1309037199999,4.47495276900008 -74.1308786429999,4.47498831400009 -74.1308542369999,4.47502296600004 -74.1308304739999,4.47505680300009 -74.1308073109999,4.47508989900007 -74.1307847179999,4.47512233000009 -74.1307626559999,4.47515417800008 -74.1307410919999,4.47518551800005 -74.130719999,4.47521640400009 -74.1306994109999,4.47524681500005 -74.1306793759999,4.47527670900007 -74.1306599399999,4.47530604000008 -74.1306411469999,4.47533477000007 -74.1306230429999,4.47536284900008 -74.1306056759999,4.47539024100007 -74.1305890899999,4.47541689400009 -74.1305733379999,4.47544279300007 -74.1305585029999,4.47546798100007 -74.1305446659999,4.47549253400007 -74.1305319219999,4.47551652000004 -74.1305203519999,4.47554000700006 -74.1305100459999,4.47556306500007 -74.1305010899999,4.47558576600005 -74.1304935709999,4.47560817800007 -74.1304875289999,4.47563037500009 -74.130482819,4.47565244800006 -74.1304792469999,4.47567449100006 -74.1304766229999,4.47569659700008 -74.1304747519999,4.47571886300005 -74.1304734419999,4.47574138300007 -74.1304724999999,4.47576424500005 -74.1304717339999,4.47578755400008 -74.1304709559999,4.47581137000009 -74.1304699969999,4.47583567300006 -74.1304686859999,4.47586041100004 -74.1304668639999,4.47588553600008 -74.130464361,4.47591099300007 -74.1304610099999,4.47593673700004 -74.1304566479999,4.47596271800006 -74.1304511109999,4.47598888100009 -74.1304443139999,4.47601516400005 -74.1304364989999,4.47604143800004 -74.1304279999999,4.47606755500004 -74.1304191399999,4.47609337200009 -74.1304102509999,4.47611873800008 -74.1304016589999,4.47614351300007 -74.1303936909999,4.47616754700005 -74.1303866779999,4.47619069700005 -74.1303808199999,4.47621284700006 -74.1303757939999,4.47623399600008 -74.1303711569999,4.47625417600005 -74.1303664619999,4.47627341400005 -74.1303612569999,4.47629174500008 -74.1303550979999,4.47630919500006 -74.1303475389999,4.47632579400005 -74.1303381309999,4.47634157600004 -74.130326496,4.47635655300007 -74.130312521,4.47637067200009 -74.1302961649999,4.47638386500006 -74.1302773859999,4.47639606400008 -74.1302561439999,4.47640720100009 -74.1302323919999,4.47641720900009 -74.1302060889999,4.47642601600006 -74.1301771939999,4.47643355400004 -74.1301457739999,4.47643975300008 -74.1301123469999,4.47644451400009 -74.1300775379999,4.47644773200005 -74.1300419789999,4.47644930900009 -74.1300062979999,4.47644913700009 -74.1299711219999,4.47644712000005 -74.1299370769999,4.47644315000008 -74.1299047929999,4.47643712800004 -74.1298747199999,4.47642900600005 -74.1298465899999,4.47641897200009 -74.1298199649999,4.47640726700007 -74.1297943999999,4.47639413200005 -74.1297694509999,4.47637981200006 -74.1297446789999,4.47636455000008 -74.1297196359999,4.47634858400005 -74.1296938869999,4.47633216200006 -74.1296671219999,4.47631550200009 -74.1296396019999,4.47629873900007 -74.1296117229999,4.47628198800004 -74.1295838869999,4.47626536000007 -74.1295564879999,4.47624896900004 -74.1295299269999,4.47623293000004 -74.129504601,4.47621735500007 -74.1294809079999,4.47620235600004 -74.1294591289999,4.47618800200007 -74.1294390869999,4.47617416300005 -74.1294204829999,4.47616065600005 -74.1294030249999,4.47614731400006 -74.1293864149999,4.47613395100007 -74.1293703579999,4.47612039700005 -74.1293545569999,4.47610646900006 -74.1293387189999,4.47609199400006 -74.129322612,4.47607684000008 -74.1293062669999,4.47606107900009 -74.1292897809999,4.47604481900004 -74.1292732519999,4.47602818000007 -74.1292567759999,4.47601127500008 -74.1292404499999,4.47599421700005 -74.1292243699999,4.47597712200007 -74.1292086329999,4.47596010700005 -74.1291933099999,4.47594326600006 -74.1291783599999,4.47592662600005 -74.1291637149999,4.47591019900005 -74.1291493099999,4.47589399300006 -74.1291350739999,4.47587801300006 -74.1291209419999,4.47586227300008 -74.1291068509999,4.47584677600008 -74.129092726,4.47583153700009 -74.1290785339999,4.47581653200007 -74.1290643639999,4.47580160300009 -74.1290503299999,4.47578656800005 -74.1290365499999,4.47577124200006 -74.1290231429999,4.47575543400006 -74.1290102249999,4.47573896100005 -74.1289979149999,4.47572163700005 -74.128986327,4.47570327700009 -74.1289755179999,4.47568376500004 -74.1289652749999,4.47566329300008 -74.128955318,4.47564211200006 -74.1289453789999,4.47562048500009 -74.1289351779999,4.47559867300009 -74.1289244379999,4.47557693100009 -74.1289128839999,4.47555552300008 -74.12890024,4.47553470200006 -74.1288863259999,4.47551468700004 -74.1288713369999,4.47549551800006 -74.1288555609999,4.47547719800008 -74.1288392909999,4.47545972100005 -74.1288228169999,4.47544308300007 -74.1288064259999,4.47542728700006 -74.1287904099999,4.47541233000004 -74.1287750609999,4.47539820800006 -74.1287605559999,4.47538491200004 -74.1287466299999,4.47537238200005 -74.1287329019999,4.47536055000006 -74.1287190009999,4.47534934800007 -74.1287045469999,4.47533871300004 -74.1286891619999,4.47532856900006 -74.1286724679999,4.47531885200004 -74.128654089,4.47530949300005 -74.1286337739999,4.47530049700009 -74.1286117629999,4.47529215000009 -74.1285884269999,4.47528480800008 -74.1285641329999,4.47527883300006 -74.1285392499999,4.47527457800004 -74.1285141459999,4.47527240500006 -74.1284891849999,4.47527267300006 -74.1284647429999,4.47527573500008 -74.1284411399999,4.47528186400007 -74.1284185629999,4.47529097400007 -74.1283971459999,4.47530289200006 -74.1283770279999,4.47531743900009 -74.1283583499999,4.47533444800007 -74.1283412539999,4.47535373900007 -74.1283258749999,4.47537514300006 -74.1283123529999,4.47539848000008 -74.1283007159999,4.47542359900007 -74.1282905299999,4.47545043100007 -74.1282812529999,4.47547892300008 -74.128272336,4.47550902100005 -74.128263236,4.47554067700008 -74.1282534099999,4.47557384000004 -74.1282423089999,4.47560845700008 -74.1282293909999,4.47564447900004 -74.1282142019999,4.47568185400007 -74.1281966499999,4.47572053800008 -74.1281767349999,4.47576048300004 -74.1281544629999,4.47580164900006 -74.1281298339999,4.47584398900005 -74.1281028479999,4.47588745900009 -74.1280735089999,4.47593201400008 -74.1280418149999,4.47597761000009 -74.1280079149999,4.47602410000007 -74.127972558,4.47607094700004 -74.1279366249999,4.47611750500005 -74.1279010139999,4.47616313800006 -74.1278666129999,4.47620720100008 -74.1278343119999,4.47624905600009 -74.1278049999999,4.47628805600004 -74.1277795709999,4.47632356700007 -74.1277586579999,4.47635513800009 -74.1277418759999,4.47638309000007 -74.1277285809999,4.47640793800008 -74.1277181369999,4.47643019900005 -74.1277098989999,4.47645038700006 -74.1277032279999,4.47646902100007 -74.1276974809999,4.47648661100004 -74.1276920209999,4.47650367400007 -74.1276863079999,4.47652063600009 -74.1276802119999,4.47653756400007 -74.127673721,4.47655443400009 -74.1276668059999,4.47657122300006 -74.1276594459999,4.47658790700007 -74.1276516249999,4.47660446600008 -74.1276433169999,4.47662087500004 -74.1276345019999,4.47663711100006 -74.1276251539999,4.47665318400004 -74.1276152369999,4.47666924200007 -74.1276047119999,4.47668545600004 -74.1275935419999,4.47670200700009 -74.1275816859999,4.47671907100005 -74.1275691049999,4.47673682600009 -74.1275557609999,4.47675545200008 -74.1275416119999,4.47677512000007 -74.1275266729999,4.47679594500005 -74.1275111559999,4.47681775700005 -74.1274953269999,4.47684031800009 -74.1274794449999,4.47686338900007 -74.1274637819999,4.47688673500005 -74.1274485959999,4.47691011900008 -74.1274341519999,4.47693330600009 -74.1274207129999,4.47695605500007 -74.1274084109999,4.47697824200009 -74.1273968309999,4.47700019800004 -74.1273854209999,4.47702235700007 -74.1273736359999,4.47704516700009 -74.1273609209999,4.47706906000008 -74.1273467329999,4.47709448300009 -74.1273305169999,4.47712187000008 -74.1273117269999,4.47715166500006 -74.1272899639999,4.47718415000008 -74.1272654249999,4.47721899100009 -74.1272384629999,4.47725569900007 -74.1272094269999,4.47729377600007 -74.1271786679999,4.47733273800009 -74.1271465329999,4.47737209000007 -74.1271133769999,4.47741134100005 -74.1270795489999,4.47745000100008 -74.127045398,4.47748759100006 -74.1270112979999,4.47752366200007 -74.126977613,4.47755778000004 -74.1269447189999,4.47758951200007 -74.1269129859999,4.47761842700004 -74.1268827819999,4.47764408200004 -74.1268544799999,4.47766604900005 -74.1268284529999,4.47768388900005 -74.1268047919999,4.47769750400005 -74.126782509,4.47770811400005 -74.1267603419999,4.47771727700007 -74.1267370189999,4.47772654600004 -74.1267112789999,4.47773748000009 -74.1266818569999,4.47775163400007 -74.1266474869999,4.47777056200005 -74.1266069019999,4.47779582200008 -74.1265593839999,4.47782839500007 -74.1265063749999,4.47786699100004 -74.1264498669999,4.47790973700006 -74.1263918489999,4.47795476800007 -74.1263343059999,4.47800021700004 -74.1262792289999,4.47804421600006 -74.1262286099999,4.47808489900007 -74.1261844349999,4.47812039500008 -74.126148123,4.47814935400004 -74.1261187999999,4.47817247600005 -74.1260950189999,4.47819097700005 -74.1260753439999,4.47820607000006 -74.1260583249999,4.47821897400007 -74.126042519,4.47823089800005 -74.1260264819999,4.47824306200005 -74.1260087709999,4.47825667800009 -74.1259883109999,4.47827265600006 -74.1259654969999,4.47829068100009 -74.1259410989999,4.47831012700004 -74.1259158849999,4.47833037500004 -74.1258906209999,4.47835079800006 -74.125866072,4.47837077500009 -74.1258430059999,4.47838968300005 -74.1258221949999,4.47840690200007 -74.1258041949999,4.47842195800007 -74.1257887469999,4.47843499700008 -74.1257753809999,4.47844632000005 -74.1257636369999,4.47845621900007 -74.1257530409999,4.47846499400009 -74.1257431299999,4.47847294500008 -74.1257334389999,4.47848036400006 -74.1257234959999,4.47848755300009 -74.1257129629999,4.47849474600008 -74.1257020079999,4.47850190900004 -74.1256909249999,4.47850896000006 -74.1256800019999,4.47851580200006 -74.125669533,4.47852234700008 -74.1256598169999,4.47852850300006 -74.1256511409999,4.47853418100004 -74.1256437959999,4.47853928500007 -74.1256379709999,4.47854379700004 -74.1256334079999,4.47854797200006 -74.1256297369999,4.47855212700006 -74.1256265899999,4.47855659300006 -74.1256236039999,4.47856169000005 -74.1256204069999,4.47856773800004 -74.1256166379999,4.47857506300005 -74.1256119219999,4.47858398700009 -74.1256059399999,4.47859473700004 -74.1255985339999,4.47860713700004 -74.1255895889999,4.47862091500008 -74.1255789909999,4.47863580400008 -74.1255666269999,4.47865152600008 -74.1255523819999,4.47866781400006 -74.12553614,4.47868439400008 -74.1255177899999,4.47870099500005 -74.1254972909999,4.47871738400005 -74.1254748919999,4.47873347500007 -74.1254509189999,4.47874922700004 -74.1254256969999,4.47876459300005 -74.1253995549999,4.47877952400006 -74.1253728089999,4.47879398200007 -74.1253457939999,4.47880791400007 -74.1253188279999,4.47882127900004 -74.125292209,4.47883402700006 -74.1252661149999,4.47884608900006 -74.1252406909999,4.47885739000009 -74.1252160829999,4.47886785800006 -74.1251924449999,4.47887741900007 -74.1251699179999,4.47888599900006 -74.125148652,4.47889352900006 -74.1251287939999,4.47889992800009 -74.1251104099999,4.47890514600005 -74.1250932459999,4.47890918600007 -74.1250769669999,4.47891206900005 -74.1250612369999,4.47891382000006 -74.1250457179999,4.47891446200009 -74.1250300789999,4.47891401700008 -74.1250139829999,4.47891250800006 -74.1249970929999,4.47890995700004 -74.1249791419999,4.47890646300004 -74.124960111,4.47890241900006 -74.1249400579999,4.47889829600007 -74.1249190349999,4.47889456800004 -74.1248970879999,4.47889170400009 -74.1248742759999,4.47889017200009 -74.1248506489999,4.47889044700008 -74.1248262569999,4.47889299500008 -74.1248011729999,4.47889819900007 -74.1247755489999,4.47890607700009 -74.1247495539999,4.47891655700005 -74.1247233529999,4.47892956300007 -74.1246971219999,4.47894502500009 -74.1246710279999,4.47896287000009 -74.1246452389999,4.47898302600004 -74.1246199249999,4.47900541800004 -74.1245952809999,4.47902993700006 -74.1245715829999,4.47905631700007 -74.1245491289999,4.47908425700007 -74.1245282189999,4.47911345100005 -74.1245091529999,4.47914360100009 -74.1244922329999,4.47917439900004 -74.1244777539999,4.47920554400008 -74.1244660199999,4.47923673300005 -74.1244571789999,4.47926772300008 -74.1244507899999,4.47929851500004 -74.124446255,4.47932916500008 -74.1244429829999,4.47935973500006 -74.1244403839999,4.47939028000008 -74.1244378599999,4.47942086200004 -74.1244348199999,4.47945153700005 -74.1244306709999,4.47948236800005 -74.1244249599999,4.47951341800007 -74.1244177999999,4.47954479300006 -74.1244094419999,4.47957659600007 -74.1244001449999,4.47960893700008 -74.1243901549999,4.47964192700005 -74.1243797289999,4.47967567200004 -74.1243691189999,4.47971028500007 -74.1243585799999,4.47974586800007 -74.1243483319999,4.47978243100005 -74.1243384659999,4.47981956800004 -74.1243290449999,4.47985675900009 -74.1243201299999,4.47989350000006 -74.1243117799999,4.47992927600006 -74.1243040569999,4.47996357700009 -74.1242970229999,4.47999589200009 -74.1242907339999,4.48002570400007 -74.1242851499999,4.48005268200006 -74.1242797999999,4.48007719000009 -74.124274108,4.48009976500009 -74.1242675009999,4.48012094800009 -74.1242594049999,4.48014127900007 -74.124249243,4.48016129800004 -74.1242364379999,4.48018154400006 -74.124220422,4.48020255800009 -74.1242008239999,4.48022474900006 -74.1241781259999,4.48024802600008 -74.1241530099999,4.48027215900004 -74.1241261709999,4.48029693100005 -74.1240982879999,4.48032211700007 -74.1240700549999,4.48034748900005 -74.124042158,4.48037283000008 -74.1240152839999,4.48039791400009 -74.1239899859999,4.48042258100008 -74.1239662709999,4.48044694600009 -74.1239440109999,4.48047117500005 -74.1239230749999,4.48049545000009 -74.1239033369999,4.48051994100007 -74.1238846709999,4.48054482400005 -74.1238669449999,4.48057027400006 -74.1238500339999,4.48059646800004 -74.1238338349999,4.48062351100009 -74.123818362,4.48065128500008 -74.1238036529999,4.48067959400009 -74.1237897449999,4.48070825700006 -74.1237766819999,4.48073707900005 -74.1237644989999,4.48076587300005 -74.1237532399999,4.48079445200005 -74.1237429409999,4.48082262800006 -74.1237335969999,4.48085028100007 -74.1237250089999,4.48087759200007 -74.12371694,4.48090480800005 -74.1237091429999,4.48093217800005 -74.1237013779999,4.48095994900007 -74.1236934039999,4.48098837600008 -74.1236849749999,4.48101770000005 -74.1236758539999,4.48104817600006 -74.1236658829999,4.48107994500009 -74.1236552539999,4.48111271900007 -74.1236442499999,4.48114610500005 -74.1236331499999,4.48117971200008 -74.1236222339999,4.48121314600007 -74.1236117829999,4.48124601500007 -74.1236020739999,4.48127792600008 -74.1235933899999,4.48130848300008 -74.1235858669999,4.48133745400008 -74.1235790619999,4.48136521800006 -74.1235723899999,4.48139231800008 -74.1235652649999,4.48141929100007 -74.1235570979999,4.48144667500009 -74.1235473099999,4.48147501500006 -74.123535306,4.48150484500007 -74.1235205069999,4.48153670400006 -74.1235025349999,4.48157091800005 -74.1234818609999,4.48160694400008 -74.1234591689999,4.48164402100008 -74.1234351419999,4.48168138900007 -74.1234104559999,4.48171829000006 -74.1233858019999,4.48175396200008 -74.1233618549999,4.48178764700009 -74.1233393009999,4.48181858900006 -74.1233185949999,4.48184624800007 -74.1232992989999,4.48187099300009 -74.1232807459999,4.48189341800008 -74.1232622669999,4.48191411400006 -74.1232432009999,4.48193367800008 -74.1232228799999,4.48195269400009 -74.1232006379999,4.48197176300005 -74.123175811,4.48199147100007 -74.1231479769999,4.48201222700004 -74.1231177129999,4.48203366000007 -74.1230858399999,4.48205521900007 -74.1230531759999,4.48207635300008 -74.1230205429999,4.48209650300009 -74.1229887599999,4.48211511800008 -74.1229586509999,4.48213164500004 -74.1229310359999,4.48214552600007 -74.1229064949999,4.48215642500008 -74.1228846689999,4.48216485400008 -74.1228649469999,4.48217154300005 -74.1228467319999,4.48217721900005 -74.1228294169999,4.48218261000005 -74.1228123999999,4.48218844900009 -74.1227950779999,4.48219546200005 -74.1227768519999,4.48220437400005 -74.1227572979999,4.48221574800004 -74.1227367569999,4.48222944100007 -74.1227157549999,4.48224515600009 -74.1226948049999,4.48226258100004 -74.1226744369999,4.48228140700007 -74.1226551749999,4.48230132800006 -74.1226375379999,4.48232204200008 -74.1226220489999,4.48234323800006 -74.1226090649999,4.48236468400006 -74.1225982689999,4.48238644600008 -74.122589177,4.48240866600008 -74.1225813039999,4.48243148200004 -74.1225741659999,4.48245503900006 -74.1225672799999,4.48247947400006 -74.1225601639999,4.48250492900007 -74.1225523269999,4.48253154300005 -74.1225433709999,4.48255942100008 -74.1225332149999,4.48258850900004 -74.122521865,4.48261872100005 -74.1225093219999,4.48264996600005 -74.1224955879999,4.48268215700006 -74.1224806679999,4.48271520100008 -74.1224645639999,4.48274901200006 -74.1224472759999,4.48278349800006 -74.1224288669999,4.48281852700006 -74.1224096259999,4.48285381200009 -74.1223898959999,4.48288901400008 -74.1223700209999,4.48292379900005 -74.1223503519999,4.48295782900004 -74.1223312269999,4.48299077100006 -74.1223129959999,4.48302229400008 -74.1222960029999,4.48305205500009 -74.1222804609999,4.48307991900009 -74.1222660539999,4.48310649800004 -74.1222523289999,4.48313260900005 -74.1222388389999,4.48315906400006 -74.1222251339999,4.48318667300009 -74.1222107659999,4.48321624700009 -74.1221952839999,4.48324859900009 -74.1221782369999,4.48328454200009 -74.1221593199999,4.48332462200005 -74.1221387939999,4.48336833200005 -74.1221170599999,4.48341490900009 -74.1220945259999,4.48346358100008 -74.1220715929999,4.48351357900009 -74.1220486619999,4.48356413600004 -74.1220261409999,4.48361448100007 -74.1220044339999,4.48366385000008 -74.1219838479999,4.48371162200004 -74.1219643259999,4.48375777300009 -74.1219457249999,4.48380243700007 -74.1219278899999,4.48384574300007 -74.1219106759999,4.48388781400007 -74.1218939299999,4.48392878700008 -74.1218775059999,4.48396878900007 -74.1218612529999,4.48400794500009 -74.1218450759999,4.48404639900008 -74.1218291079999,4.48408433400004 -74.121813529,4.48412194700006 -74.1217985199999,4.48415943500004 -74.1217842719999,4.48419699100009 -74.1217709609999,4.48423481200007 -74.1217587729999,4.48427309400006 -74.1217478929999,4.48431203400008 -74.1217384279999,4.48435174700006 -74.1217301839999,4.48439204700009 -74.1217228889999,4.48443266900006 -74.1217162719999,4.48447334400009 -74.1217100619999,4.48451381000007 -74.1217039919999,4.48455380300004 -74.1216977879999,4.48459305300008 -74.1216911819999,4.48463129500004 -74.1216839499999,4.48466832800005 -74.1216760599999,4.48470418600004 -74.1216675399999,4.48473897700006 -74.1216583969999,4.48477279900004 -74.1216486609999,4.48480575200006 -74.1216383459999,4.48483793800006 -74.1216274699999,4.48486945800005 -74.1216160559999,4.48490041400004 -74.121604122,4.48493091800009 -74.1215916939999,4.48496112600009 -74.1215788039999,4.48499120800005 -74.1215654749999,4.48502133300008 -74.1215517389999,4.48505166600006 -74.1215376209999,4.48508237700008 -74.1215231539999,4.48511363600005 -74.1215083609999,4.48514561200005 -74.1214932869999,4.48517840000005 -74.1214780089999,4.48521183100007 -74.1214626329999,4.48524566100008 -74.1214472519999,4.48527964800007 -74.1214319609999,4.48531354600004 -74.1214168609999,4.48534711600007 -74.1214020449999,4.48538011500005 -74.1213876149999,4.48541230100005 -74.1213736669999,4.48544350900005 -74.1213603379999,4.48547388800006 -74.1213477639999,4.48550366500007 -74.1213360829999,4.48553306900004 -74.1213254339999,4.48556233000005 -74.1213159539999,4.48559166900009 -74.1213077809999,4.48562132300009 -74.1213010539999,4.48565151400004 -74.1212958759999,4.48568245200005 -74.1212922319999,4.48571427700006 -74.1212900749999,4.48574711000009 -74.1212893539999,4.48578107400004 -74.1212900199999,4.48581628700009 -74.1212920299999,4.48585287400005 -74.12129533,4.48589095500006 -74.121299872,4.48593064900007 -74.121305591,4.48597201000007 -74.1213123499999,4.48601481200006 -74.1213199849999,4.48605875800007 -74.1213283409999,4.48610355200009 -74.1213372599999,4.48614890100009 -74.1213465829999,4.48619451100006 -74.1213561549999,4.48624008300004 -74.1213658139999,4.48628532400005 -74.1213754249999,4.48632997300007 -74.1213849479999,4.48637392800009 -74.1213943609999,4.48641712100004 -74.1214036439999,4.48645948500007 -74.121412775,4.48650094600009 -74.1214217379999,4.48654144700009 -74.1214305109999,4.48658091000004 -74.1214390709999,4.48661927300009 -74.1214474199999,4.48665646800009 -74.1214556289999,4.48669241500005 -74.1214637909999,4.48672704700004 -74.1214719949999,4.48676028400007 -74.1214803359999,4.48679205000008 -74.1214889059999,4.48682227300009 -74.1214977929999,4.48685087300004 -74.1215070879999,4.48687778300007 -74.1215168609999,4.48690303400008 -74.1215270579999,4.48692714100008 -74.1215376089999,4.48695072300006 -74.1215484349999,4.48697440100005 -74.1215594619999,4.48699880200007 -74.1215706109999,4.48702454600004 -74.1215818119999,4.48705225800006 -74.1215929869999,4.48708255800005 -74.1216040409999,4.48711589100009 -74.1216148089999,4.48715197100006 -74.1216251029999,4.48719033700007 -74.1216347379999,4.48723052300005 -74.1216435249999,4.48727206700005 -74.1216512799999,4.48731450400004 -74.1216578169999,4.48735737100009 -74.1216629509999,4.48740020200006 -74.1216665669999,4.48744257000004 -74.121668859,4.48748416800004 -74.1216700889999,4.48752472600006 -74.1216705219999,4.48756397400007 -74.1216704289999,4.48760164400005 -74.1216700679999,4.48763746200007 -74.1216697059999,4.48767115800007 -74.1216696109999,4.48770246100008 -74.1216699769999,4.48773126000009 -74.1216707449999,4.48775807400006 -74.1216717749999,4.48778357700007 -74.1216729349999,4.48780844900006 -74.1216740939999,4.48783336500009 -74.1216751189999,4.48785900400009 -74.121675879,4.48788603900005 -74.1216762369999,4.48791515100004 -74.1216760519999,4.48794684600006 -74.1216751299999,4.48798095100005 -74.1216732749999,4.48801712200009 -74.1216702819999,4.48805502300007 -74.1216659499999,4.48809430900008 -74.1216600829999,4.48813463900007 -74.1216524709999,4.48817567300006 -74.1216429199999,4.48821706700005 -74.1216313129999,4.48825854000006 -74.1216178869999,4.48830002900007 -74.1216029669999,4.48834153800004 -74.1215868729999,4.48838306700009 -74.1215699289999,4.48842461100008 -74.1215524619999,4.48846617300006 -74.1215347949999,4.48850774900006 -74.1215172489999,4.48854934300005 -74.1215000729999,4.48859094400007 -74.1214832229999,4.48863251900008 -74.1214665759999,4.48867403600008 -74.1214500099999,4.48871545600008 -74.1214334029999,4.48875673900005 -74.1214166339999,4.48879785100007 -74.1213995809999,4.48883875200005 -74.1213821249999,4.48887940500009 -74.1213642069999,4.48891972800004 -74.1213460429999,4.48895946200008 -74.121327903,4.48899830600004 -74.1213100709999,4.48903595200005 -74.12129282,4.48907210000004 -74.1212764309999,4.48910644400007 -74.121261177,4.48913868000005 -74.1212473409999,4.48916850600006 -74.1212350959999,4.48919570600009 -74.1212242229999,4.48922040200006 -74.1212144069999,4.48924280900007 -74.1212053239999,4.48926314300007 -74.1211966559999,4.48928161300006 -74.1211880859999,4.48929843400009 -74.1211792909999,4.48931381800008 -74.1211699559999,4.48932798000004 -74.1211598149999,4.48934116500004 -74.1211488089999,4.48935376500009 -74.1211369369999,4.48936620300009 -74.1211241999999,4.48937890200006 -74.1211105929999,4.48939228800009 -74.1210961119999,4.48940678600007 -74.1210807599999,4.48942282000007 -74.1210645289999,4.48944080800004 -74.1210474509999,4.48946108000007 -74.1210296679999,4.48948352600007 -74.1210113539999,4.48950794100006 -74.1209926829999,4.48953412200007 -74.1209738299999,4.48956186100008 -74.1209549639999,4.48959094800006 -74.1209362679999,4.48962118100008 -74.1209179069999,4.48965235100007 -74.120900032,4.48968428400008 -74.1208826699999,4.48971692500004 -74.1208658199999,4.48975025200008 -74.1208494869999,4.48978424600006 -74.1208336679999,4.48981887800005 -74.1208183649999,4.48985413300005 -74.1208035779999,4.48988998300007 -74.1207893079999,4.48992640800009 -74.1207755299999,4.48996336600004 -74.1207620939999,4.49000072700005 -74.1207488299999,4.49003833500007 -74.1207355609999,4.49007604800005 -74.1207221159999,4.49011370700009 -74.1207083219999,4.49015116700008 -74.1206940009999,4.49018827400005 -74.1206789839999,4.49022488000008 -74.1206631599999,4.49026083300009 -74.1206466929999,4.49029601000007 -74.1206298059999,4.49033027600007 -74.1206127299999,4.49036351200004 -74.1205956889999,4.49039558600009 -74.1205789129999,4.49042637500008 -74.1205626279999,4.49045574900009 -74.1205470609999,4.49048358400006 -74.1205323959999,4.49050982800009 -74.1205186569999,4.49053472800006 -74.1205058189999,4.49055860700008 -74.1204938629999,4.49058178800004 -74.1204827649999,4.49060459500009 -74.1204725069999,4.49062735200005 -74.1204630659999,4.49065038200007 -74.1204544199999,4.49067400600006 -74.1204465709999,4.49069847800007 -74.1204396109999,4.49072377300007 -74.1204336559999,4.49074979100004 -74.1204288179999,4.49077643700008 -74.1204252119999,4.49080361700004 -74.1204229559999,4.49083122900009 -74.1204221619999,4.49085917700006 -74.1204229419999,4.49088736900006 -74.1204254119999,4.49091569800004 -74.1204296789999,4.49094404100009 -74.1204358479999,4.49097226600009 -74.1204440189999,4.49100024500007 -74.1204543009999,4.49102784500008 -74.1204667979999,4.49105493500008 -74.1204816119999,4.49108138600008 -74.1204988479999,4.49110706700009 -74.1205185819999,4.49113180500007 -74.1205407669999,4.49115526200006 -74.1205653259999,4.49117705100008 -74.1205921809999,4.49119679600005 -74.1206212529999,4.49121410900005 -74.1206524689999,4.49122861100005 -74.1206857449999,4.49123992100004 -74.1207210119999,4.49124765500005 -74.1207582579999,4.49125159000005 -74.1207977509999,4.49125214700007 -74.1208398319999,4.49124990900009 -74.1208848389999,4.49124545400008 -74.1209331109999,4.49123936300009 -74.120984985,4.49123221500008 -74.1210408039999,4.49122459200004 -74.1211009029999,4.49121707400008 -74.1211653889999,4.49121012800009 -74.1212334509999,4.49120375200005 -74.121304043,4.49119784000004 -74.1213761189999,4.49119227900007 -74.1214486339999,4.49118695200008 -74.1215205419999,4.49118175400008 -74.121590797,4.49117656700008 -74.1216583579999,4.49117128200004 -74.1217223639999,4.49116581700008 -74.1217827279999,4.49116019700006 -74.1218395479999,4.49115448700007 -74.1218929199999,4.49114874300005 -74.1219429449999,4.49114302500004 -74.1219897209999,4.49113739200004 -74.1220333459999,4.49113189900004 -74.1220739169999,4.49112661400005 -74.1221115869999,4.49112159200007 -74.1221467149999,4.49111691200005 -74.1221797089999,4.49111265400006 -74.1222109779999,4.49110889600007 -74.1222409379999,4.49110572500007 -74.1222699929999,4.49110321600006 -74.1222985579999,4.49110144900004 -74.1223270409999,4.49110050500008 -74.1223558329999,4.49110047200008 -74.1223852649999,4.49110145200007 -74.1224156439999,4.49110356000006 -74.1224472769999,4.49110690000009 -74.1224804719999,4.49111158500006 -74.122515544,4.49111772800006 -74.1225527959999,4.49112543800004 -74.1225925409999,4.49113482600006 -74.1226349019999,4.49114599000006 -74.1226792819999,4.49115899900005 -74.1227248939999,4.49117389800006 -74.1227709579999,4.49119074200007 -74.1228166929999,4.49120958700007 -74.1228613139999,4.49123048600006 -74.1229040399999,4.49125348800004 -74.1229440859999,4.49127864600007 -74.1229807789999,4.49130597500005 -74.1230138809999,4.49133532000008 -74.1230432699999,4.49136648700005 -74.1230688119999,4.49139928400007 -74.1230903839999,4.49143351500004 -74.1231078539999,4.49146898600009 -74.1231210949999,4.49150550400009 -74.1231299819999,4.49154287500005 -74.1231344389999,4.49158083400005 -74.1231346239999,4.49161882000004 -74.1231307449999,4.49165620400004 -74.1231230099999,4.49169236200004 -74.1231116289999,4.49172665600008 -74.1230968129999,4.49175846400004 -74.1230787679999,4.49178715000005 -74.1230577089999,4.49181208700008 -74.1230338529999,4.49183285700008 -74.1230074719999,4.49184986900008 -74.1229788459999,4.49186375000005 -74.122948258,4.49187512200007 -74.1229159869999,4.49188460900007 -74.1228823169999,4.49189283300007 -74.1228475299999,4.49190041900005 -74.1228119069999,4.49190798600006 -74.1227757029999,4.49191605900006 -74.122739066,4.49192473100004 -74.1227021219999,4.49193399600006 -74.1226649889999,4.49194384500004 -74.122627797,4.49195427500007 -74.1225906629999,4.49196527400005 -74.1225537119999,4.49197683900007 -74.1225170679999,4.49198896200005 -74.1224808499999,4.49200161300007 -74.122445179,4.49201469600007 -74.1224101649999,4.49202809000008 -74.1223759279999,4.49204168000006 -74.1223425789999,4.49205534100008 -74.1223102369999,4.49206895600008 -74.1222790159999,4.49208240600007 -74.1222490309999,4.49209557500006 -74.122220351,4.49210836400005 -74.1221928509999,4.49212079100005 -74.1221663689999,4.49213289400006 -74.1221407299999,4.49214471000005 -74.1221157699999,4.49215628200005 -74.1220913189999,4.49216764600004 -74.1220672059999,4.49217884300009 -74.1220432639999,4.49218991300006 -74.1220193349999,4.49220095600009 -74.1219952819999,4.49221234100008 -74.1219709809999,4.49222450300005 -74.1219463079999,4.49223786900006 -74.1219211379999,4.49225287000007 -74.1218953439999,4.49226993700006 -74.1218688019999,4.49228950600008 -74.1218413869999,4.49231200500009 -74.1218130269999,4.49233769600005 -74.12178388,4.49236615100006 -74.1217541469999,4.49239677700007 -74.1217240469999,4.49242897600004 -74.1216937759999,4.49246215200009 -74.1216635529999,4.49249571000007 -74.1216335809999,4.49252905100008 -74.1216040699999,4.49256158400004 -74.1215752269999,4.49259286000006 -74.1215472549999,4.49262306000008 -74.1215203529999,4.49265251200006 -74.1214947269999,4.49268155200008 -74.1214705759999,4.49271050300007 -74.1214481019999,4.49273969600006 -74.1214275079999,4.49276946600008 -74.1214089929999,4.49280013800006 -74.1213927429999,4.49283194100008 -74.1213788719999,4.49286465500006 -74.121367485,4.49289796400006 -74.121358675,4.49293154800006 -74.1213525449999,4.49296508100008 -74.1213491949999,4.49299825000008 -74.1213487209999,4.49303072800006 -74.1213512269999,4.49306219800008 -74.121356724,4.49309242300006 -74.1213649019999,4.49312150600008 -74.1213753629999,4.49314963800009 -74.1213877159999,4.49317700200004 -74.1214015529999,4.49320379200009 -74.1214164889999,4.49323018800004 -74.1214321209999,4.49325638800008 -74.1214480579999,4.49328257500008 -74.121463978,4.49330895700007 -74.1214798949999,4.49333583100008 -74.1214958979999,4.49336351100004 -74.1215120789999,4.49339231300007 -74.1215285239999,4.49342255400006 -74.1215453279999,4.49345455000008 -74.1215625809999,4.49348861300007 -74.1215803709999,4.49352506100007 -74.1215987339999,4.49356402900008 -74.1216174829999,4.49360493000006 -74.1216363759999,4.49364699300008 -74.1216551639999,4.49368945900005 -74.1216736079999,4.49373155500007 -74.1216914619999,4.49377251600009 -74.1217084849999,4.49381157400006 -74.1217244329999,4.49384796200007 -74.1217391439999,4.49388116500006 -74.1217528159999,4.49391167800007 -74.121765723,4.49394024400004 -74.1217781429999,4.49396761000008 -74.1217903529999,4.49399452600005 -74.1218026349999,4.49402173200008 -74.1218152599999,4.49404997600004 -74.1218285129999,4.49408000700009 -74.1218426049999,4.49411240300009 -74.1218575039999,4.49414709100006 -74.1218731219999,4.49418383600005 -74.1218893619999,4.49422239700004 -74.1219061319999,4.49426253800004 -74.1219233389999,4.49430402400009 -74.1219408939999,4.49434661600009 -74.1219586969999,4.49439007300009 -74.1219766279999,4.49443415100006 -74.1219944379999,4.49447856200004 -74.1220118449999,4.49452300300004 -74.1220285659999,4.49456717500004 -74.1220443269999,4.49461078400009 -74.1220588439999,4.49465352000004 -74.1220718319999,4.49469509700009 -74.1220830169999,4.49473520300006 -74.1220921819999,4.49477361300006 -74.122099407,4.49481035200006 -74.1221048269999,4.49484551300009 -74.1221085869999,4.49487919300009 -74.1221108299999,4.49491148200008 -74.1221116959999,4.49494247400008 -74.1221113279999,4.49497226900007 -74.1221098669999,4.49500095400009 -74.1221074419999,4.49502866400007 -74.1221041259999,4.49505567400007 -74.1220999739999,4.49508230000009 -74.1220950429999,4.49510885600006 -74.1220893879999,4.49513565800004 -74.122083072,4.49516301700004 -74.1220761449999,4.49519125100005 -74.1220686689999,4.49522067300006 -74.1220606779999,4.49525150100004 -74.1220521379999,4.49528357500009 -74.1220429859999,4.49531663100009 -74.1220331619999,4.49535041600006 -74.122022608,4.49538466700005 -74.1220112689999,4.49541912800004 -74.1219990839999,4.49545353900004 -74.1219859919999,4.49548764200006 -74.1219719869999,4.49552121600004 -74.1219572509999,4.49555419800009 -74.1219420229999,4.49558656000005 -74.1219265349999,4.49561827800005 -74.1219110249999,4.49564932500004 -74.1218957279999,4.49567967500008 -74.1218808749999,4.49570930300007 -74.1218667049999,4.49573818000005 -74.1218533749999,4.49576636100005 -74.1218407499999,4.49579418300004 -74.1218286129999,4.49582206500008 -74.1218167529999,4.49585042600006 -74.1218049529999,4.49587968100008 -74.1217929979999,4.49591025000007 -74.1217806789999,4.49594254700008 -74.1217677769999,4.49597699300006 -74.1217541589999,4.49601383500004 -74.1217399999999,4.49605264700006 -74.12172555,4.49609283300009 -74.1217110689999,4.49613380200009 -74.1216967999999,4.49617495200005 -74.1216830029999,4.49621569600009 -74.1216699289999,4.49625543800005 -74.1216578309999,4.49629358000004 -74.1216469229999,4.49632963700009 -74.1216372399999,4.49636356800005 -74.1216287829999,4.49639544300004 -74.121621548,4.49642532100006 -74.1216155339999,4.49645327700006 -74.1216107399999,4.49647937000009 -74.1216071639999,4.49650367400005 -74.1216047999999,4.49652625300007 -74.1216036359999,4.49654724500004 -74.1216036029999,4.49656706800005 -74.1216046169999,4.49658620700006 -74.1216065969999,4.49660515700009 -74.1216094619999,4.49662440200007 -74.121613125,4.49664443400007 -74.1216175069999,4.49666573700006 -74.1216225249999,4.49668880400009 -74.1216281089999,4.49671395400009 -74.1216342159999,4.49674082800004 -74.1216408219999,4.49676890400008 -74.1216478969999,4.49679765200005 -74.1216554149999,4.49682654900005 -74.1216633439999,4.49685506800006 -74.1216716599999,4.49688268300008 -74.1216803329999,4.49690887000008 -74.1216893339999,4.49693329900009 -74.1216986199999,4.49695643300009 -74.1217081499999,4.49697892600005 -74.1217178789999,4.49700143600006 -74.1217277669999,4.49702462100009 -74.1217377689999,4.49704914000006 -74.1217478419999,4.49707564900007 -74.1217579419999,4.49710480400006 -74.1217680169999,4.49713703100008 -74.1217779649999,4.49717183600006 -74.1217876779999,4.49720848500004 -74.1217970429999,4.49724625100009 -74.1218059479999,4.49728440400008 -74.1218142849999,4.49732221500005 -74.121821941,4.49735895400005 -74.1218288069999,4.49739389300004 -74.1218349219999,4.49742651200006 -74.1218409459999,4.49745714200009 -74.1218476839999,4.49748632000006 -74.1218559449999,4.49751458900005 -74.1218665389999,4.49754248300007 -74.1218802749999,4.49757055100008 -74.1218979599999,4.49759932200004 -74.1219204039999,4.49762934400007 -74.1219480419999,4.49766097200006 -74.1219798239999,4.49769384100006 -74.1220143309999,4.49772739900004 -74.1220501369999,4.49776110000005 -74.1220858249999,4.49779439900004 -74.1221199649999,4.49782673900006 -74.1221511429999,4.49785757800009 -74.1221779359999,4.49788636500006 -74.1221992709999,4.49791266100004 -74.1222154949999,4.49793647100006 -74.1222273089999,4.49795790600007 -74.1222354139999,4.49797707500005 -74.1222405059999,4.49799409200006 -74.1222432859999,4.49800907100007 -74.1222444549999,4.49802212000009 -74.1222447089999,4.49803335300004 -74.1222446579999,4.49804294300009 -74.1222445459999,4.49805130400006 -74.1222445229999,4.49805890600004 -74.122244743,4.49806622800008 -74.1222453619999,4.49807374000005 -74.1222465249999,4.49808191700009 -74.1222483909999,4.49809123300008 -74.1222511089999,4.49810216300006 -74.1222548089999,4.49811505800005 -74.1222595209999,4.49812978300008 -74.1222652549999,4.49814608400004 -74.1222720199999,4.49816370200006 -74.1222798209999,4.49818237900007 -74.1222886689999,4.49820186200009 -74.1222985709999,4.49822189000008 -74.122309534,4.49824221100005 -74.1223215309999,4.49826262200008 -74.1223343959999,4.49828314100006 -74.1223479259999,4.49830383400007 -74.1223619149999,4.49832477700005 -74.1223761609999,4.49834604300008 -74.1223904629999,4.49836770000007 -74.1224046149999,4.49838982200009 -74.1224184169999,4.49841247900008 -74.1224317029999,4.49843570700006 -74.1224444619999,4.49845939900007 -74.1224567159999,4.49848340800008 -74.1224684999999,4.49850759400005 -74.1224798339999,4.49853180900004 -74.1224907499999,4.49855591100004 -74.1225012699999,4.49857975400005 -74.1225114249999,4.49860319300006 -74.1225212289999,4.49862614300008 -74.1225306519999,4.49864874600007 -74.1225396569999,4.49867120200008 -74.1225482019999,4.49869371000005 -74.1225562499999,4.49871646900004 -74.1225637569999,4.49873967900004 -74.1225706869999,4.49876354000008 -74.1225769999999,4.49878825600007 -74.1225826759999,4.49881396600006 -74.1225877869999,4.49884060600004 -74.1225924249999,4.49886805900007 -74.122596686,4.49889620300007 -74.1226006609999,4.49892491700007 -74.1226044419999,4.49895408400005 -74.1226081249999,4.49898358200005 -74.1226117989999,4.49901329400006 -74.1226155369999,4.49904314900004 -74.1226193109999,4.49907329400008 -74.1226230689999,4.49910393200008 -74.1226267589999,4.49913526000006 -74.122630334,4.49916747600008 -74.1226337399999,4.49920078400004 -74.1226369259999,4.49923537700005 -74.1226398429999,4.49927145900006 -74.1226425169999,4.49930913300005 -74.122645282,4.49934812800007 -74.1226485519999,4.49938807700005 -74.1226527419999,4.49942861300008 -74.1226582629999,4.49946937200008 -74.1226655299999,4.49950998700007 -74.1226749559999,4.49955009100006 -74.1226869509999,4.49958931800006 -74.1227018009999,4.49962733000007 -74.1227192619999,4.49966390800006 -74.1227389619999,4.49969886000008 -74.1227605259999,4.49973200000005 -74.1227835809999,4.49976313300004 -74.122807754,4.49979206700004 -74.1228326719999,4.49981861500004 -74.1228579619999,4.49984258500007 -74.1228832899999,4.49986386800009 -74.1229084819999,4.49988269000005 -74.1229334099999,4.49989935900004 -74.1229579369999,4.49991418400009 -74.1229819309999,4.49992747300007 -74.1230052619999,4.49993953800009 -74.1230277969999,4.49995067900005 -74.1230494019999,4.49996121400005 -74.1230700139999,4.49997139600009 -74.1230898439999,4.49998131100006 -74.1231091649999,4.49999098300009 -74.1231282599999,4.50000044800004 -74.1231474049999,4.50000973800007 -74.1231668789999,4.50001888000008 -74.1231869579999,4.50002790700006 -74.1232079229999,4.50003685200005 -74.1232299439999,4.50004573000007 -74.1232527969999,4.50005450100008 -74.1232761459999,4.50006311000004 -74.123299658,4.50007150300007 -74.1233229979999,4.50007961900008 -74.1233458379999,4.50008740800007 -74.1233678419999,4.50009481400008 -74.1233886749999,4.50010177700005 -74.1234080849999,4.50010825600009 -74.1234261149999,4.50011424200005 -74.1234428859999,4.50011974300008 -74.1234585239999,4.50012476200004 -74.1234731519999,4.50012930000008 -74.1234868909999,4.50013336300009 -74.1234998629999,4.50013695200005 -74.1235121919999,4.50014007600009 -74.1235240469999,4.50014275600006 -74.1235357769999,4.50014509700009 -74.1235477809999,4.50014722300006 -74.1235604599999,4.50014926100005 -74.1235742059999,4.50015133300008 -74.1235894229999,4.50015356400007 -74.1236065019999,4.50015607800009 -74.1236258479999,4.50015899900006 -74.1236477229999,4.50016244700009 -74.1236718759999,4.50016650500004 -74.1236979269999,4.50017124800007 -74.1237254959999,4.50017675700008 -74.1237541959999,4.50018310400009 -74.1237836469999,4.50019036800006 -74.1238134719999,4.50019862900007 -74.1238432839999,4.50020796300009 -74.1238727709999,4.50021842800004 -74.1239018859999,4.50023003000007 -74.1239306529999,4.50024276400006 -74.1239590949999,4.50025661300009 -74.1239872339999,4.50027156800007 -74.1240150949999,4.50028761900006 -74.1240426969999,4.50030475600005 -74.1240700639999,4.50032297000007 -74.1240972609999,4.50034223500006 -74.1241245169999,4.50036247300005 -74.1241521009999,4.50038359300004 -74.1241802869999,4.50040550100005 -74.1242093409999,4.50042811000009 -74.1242395369999,4.50045132300005 -74.1242711479999,4.50047505200007 -74.1243044369999,4.50049920300006 -74.1243395519999,4.50052372800008 -74.1243761149999,4.50054873200008 -74.1244136129999,4.50057437200007 -74.1244515469999,4.50060079400009 -74.124489406,4.50062815200005 -74.1245266859999,4.50065659900008 -74.1245628759999,4.50068628100007 -74.1245974719999,4.50071735400007 -74.1246300959999,4.50074991300005 -74.1246608909999,4.50078384100004 -74.1246901319999,4.50081896800009 -74.1247180909999,4.50085512700008 -74.1247450419999,4.50089214700006 -74.1247712549999,4.50092985700007 -74.1247970049999,4.50096808900008 -74.1248225679999,4.50100667100008 -74.1248481679999,4.50104540800004 -74.1248738489999,4.50108399000004 -74.1248996159999,4.50112208400009 -74.1249254629999,4.50115935600007 -74.1249513899999,4.50119546700006 -74.1249773979999,4.50123008600008 -74.1250034879999,4.50126287600006 -74.1250296549999,4.50129350200007 -74.1250558779999,4.50132172300005 -74.1250820529999,4.50134767500009 -74.1251080459999,4.50137159000008 -74.1251337269999,4.50139369800007 -74.1251589659999,4.50141423000008 -74.1251836359999,4.50143341200004 -74.1252076009999,4.50145147700005 -74.1252307389999,4.50146865800008 -74.1252529359999,4.50148517000008 -74.1252741779999,4.50150119400007 -74.1252944699999,4.50151689600006 -74.1253138209999,4.50153244400008 -74.1253322339999,4.50154800800004 -74.1253497139999,4.50156375400007 -74.1253662679999,4.50157984900005 -74.1253819019999,4.50159646200007 -74.1253966709999,4.50161369700004 -74.1254108199999,4.50163140300009 -74.1254246519999,4.50164936500005 -74.1254384599999,4.50166737100005 -74.1254525369999,4.50168520900007 -74.1254671889999,4.50170266300006 -74.1254827059999,4.50171951800007 -74.1254993859999,4.50173556400006 -74.1255174329999,4.50175059400004 -74.1255366789999,4.50176444800007 -74.1255568569999,4.50177696700007 -74.1255777089999,4.50178800200007 -74.1255989709999,4.50179739800006 -74.1256203739999,4.50180500100009 -74.1256416639999,4.50181065500004 -74.1256625709999,4.50181421000008 -74.1256829569999,4.50181551400004 -74.1257031619999,4.50181440800009 -74.1257236499999,4.50181074400007 -74.1257448799999,4.50180436900007 -74.125767316,4.50179513100005 -74.1257914219999,4.50178287600005 -74.1258176559999,4.50176745000005 -74.1258464839999,4.50174870300009 -74.1258781359999,4.50172666200007 -74.1259119229999,4.50170206400009 -74.1259469189999,4.50167583000007 -74.1259822089999,4.50164888200004 -74.1260168669999,4.50162213700008 -74.1260499699999,4.50159651100006 -74.1260805989999,4.50157293000007 -74.1261078349999,4.50155230700005 -74.1261310749999,4.50153530600005 -74.1261510369999,4.50152154900007 -74.1261687499999,4.50151039800005 -74.1261852519999,4.50150121700005 -74.1262015789999,4.50149337200008 -74.1262187649999,4.50148622200004 -74.1262378459999,4.50147913800009 -74.1262598579999,4.50147147400008 -74.1262855359999,4.50146273500008 -74.1263144279999,4.50145294900005 -74.1263457789999,4.50144228300007 -74.1263788369999,4.50143090100005 -74.1264128509999,4.50141897000009 -74.1264470659999,4.50140665400005 -74.1264807309999,4.50139412000004 -74.1265130909999,4.50138153100005 -74.1265435519999,4.50136906200004 -74.1265721519999,4.50135691500009 -74.1265990839999,4.50134529100006 -74.1266245439999,4.50133440100007 -74.1266487199999,4.50132445500009 -74.1266718159999,4.50131565500004 -74.1266940179999,4.50130821100009 -74.1267155259999,4.50130233000004 -74.1267364779999,4.50129821400009 -74.126756811,4.50129602900006 -74.1267764109999,4.50129594200007 -74.1267951569999,4.50129811800008 -74.1268129349999,4.50130271900008 -74.1268296269999,4.50130990700006 -74.1268451149999,4.50131984900008 -74.1268592859999,4.50133270900005 -74.1268720679999,4.50134854900006 -74.1268835979999,4.50136705200009 -74.1268940509999,4.50138779900004 -74.1269036099999,4.50141036800005 -74.1269124549999,4.50143434500006 -74.1269207679999,4.50145930700006 -74.1269287269999,4.50148484200008 -74.1269365149999,4.50151052400008 -74.1269442829999,4.50153600700008 -74.1269520699999,4.50156119900009 -74.1269598909999,4.50158608100008 -74.126967755,4.50161062900008 -74.1269756749999,4.50163482100004 -74.1269836609999,4.50165863600006 -74.1269917289999,4.50168205000006 -74.1269998879999,4.50170504400006 -74.1270081399999,4.50172762300008 -74.1270164449999,4.50174991400007 -74.1270247549999,4.50177207300004 -74.1270330199999,4.50179425100009 -74.1270411879999,4.50181660700008 -74.127049214,4.50183929000008 -74.1270570439999,4.50186245800006 -74.1270646339999,4.50188626900007 -74.1270720269999,4.50191092600005 -74.1270796859999,4.50193685100004 -74.1270881579999,4.50196452500006 -74.1270979999999,4.50199441900008 -74.1271097659999,4.50202701200004 -74.1271240069999,4.50206277700005 -74.1271412809999,4.50210219100006 -74.1271621409999,4.50214573000005 -74.1271868949999,4.50219360000006 -74.1272148739999,4.50224495000009 -74.1272451679999,4.50229865200009 -74.1272768649999,4.50235358100008 -74.1273090479999,4.50240861900005 -74.1273408039999,4.50246263300005 -74.1273712219999,4.50251450700006 -74.1273993889999,4.50256311700008 -74.1274245919999,4.50260765300004 -74.1274469209999,4.50264857500008 -74.1274666559999,4.50268667200004 -74.1274840949999,4.50272271400007 -74.1274995199999,4.50275748700005 -74.1275132199999,4.50279176900005 -74.1275254829999,4.50282633700004 -74.1275365959999,4.50286197500009 -74.1275468579999,4.50289930700006 -74.1275566079999,4.50293834100006 -74.1275661989999,4.50297893300007 -74.1275759779999,4.50302094000006 -74.1275862979999,4.50306421400006 -74.1275975099999,4.50310861000008 -74.127609962,4.50315398600009 -74.1276240049999,4.50320019400004 -74.1276398969999,4.50324705600008 -74.1276575319999,4.50329425300009 -74.1276767059999,4.50334143200007 -74.1276972219999,4.50338824200009 -74.1277188749999,4.50343433100005 -74.1277414649999,4.50347934300004 -74.1277647919999,4.50352292800005 -74.127788656,4.50356473100004 -74.1278128269999,4.50360445400008 -74.1278369799999,4.50364198500006 -74.1278607549999,4.50367727100007 -74.1278838009999,4.50371025700008 -74.1279057619999,4.50374088300009 -74.1279262799999,4.50376909700009 -74.1279450019999,4.50379484000007 -74.1279615709999,4.50381805800009 -74.1279757739999,4.50383876800009 -74.1279879459999,4.50385727800005 -74.1279985709999,4.50387397300005 -74.1280081239999,4.50388924000009 -74.128017085,4.50390345800008 -74.1280259329999,4.50391701700005 -74.1280351489999,4.50393029500009 -74.1280452059999,4.50394367800004 -74.1280564859999,4.50395747000005 -74.1280689609999,4.50397164700007 -74.1280824969999,4.50398610400009 -74.1280969629999,4.50400073400004 -74.1281122319999,4.50401543900006 -74.1281281719999,4.50403010600007 -74.1281446509999,4.50404463400008 -74.1281615389999,4.50405892300006 -74.1281787139999,4.50407288900004 -74.1281960879999,4.50408658400005 -74.1282135799999,4.50410008400007 -74.1282311089999,4.50411345900005 -74.1282485949999,4.50412678900005 -74.128265956,4.50414014900008 -74.1282831159999,4.50415361300008 -74.1282999879999,4.50416725800005 -74.1283164939999,4.50418120500007 -74.1283325459999,4.50419576400009 -74.1283480549999,4.50421128800008 -74.1283629309999,4.50422813200009 -74.1283770839999,4.50424664800005 -74.1283904269999,4.50426719300009 -74.1284028679999,4.50429012200004 -74.1284143209999,4.50431578500007 -74.1284247079999,4.50434436800009 -74.1284340289999,4.50437535000009 -74.1284422919999,4.50440804000004 -74.1284495059999,4.50444174200004 -74.1284556849999,4.50447577100005 -74.1284608369999,4.50450943300007 -74.1284649749999,4.50454203100008 -74.1284681049999,4.50457287900008 -74.1284702519999,4.50460147700005 -74.1284714689999,4.50462808900005 -74.1284718189999,4.50465317600009 -74.1284713649999,4.50467719800008 -74.1284701719999,4.50470061700008 -74.1284683019999,4.50472389000009 -74.1284658209999,4.50474748000005 -74.1284627899999,4.50477184500005 -74.1284592509999,4.50479732100007 -74.128455158,4.50482376500008 -74.1284504419999,4.50485089900008 -74.1284450289999,4.50487846100009 -74.1284388559999,4.50490617600008 -74.1284318459999,4.50493377400005 -74.1284239369999,4.50496098600007 -74.1284150539999,4.50498754000006 -74.1284051819999,4.50501322000008 -74.1283945119999,4.50503800100006 -74.1283832889999,4.50506191400007 -74.1283717559999,4.50508499500006 -74.1283601619999,4.50510726500005 -74.1283487459999,4.50512876400006 -74.1283377589999,4.50514951600007 -74.1283274399999,4.50516955100005 -74.1283179529999,4.50518892200006 -74.1283091419999,4.50520775600006 -74.1283007689999,4.50522620100008 -74.1282925919999,4.50524440800007 -74.1282843699999,4.50526252500009 -74.1282758709999,4.50528070100006 -74.1282668509999,4.50529908100009 -74.1282570739999,4.50531781800004 -74.1282463539999,4.50533699400006 -74.128234732,4.50535644300004 -74.128222305,4.50537593300004 -74.1282091719999,4.50539523200007 -74.1281954269999,4.50541410800008 -74.1281811669999,4.50543233400009 -74.1281664869999,4.50544967300004 -74.1281514859999,4.50546589700008 -74.1281362749999,4.50548083100006 -74.1281210229999,4.50549452400008 -74.1281059219999,4.50550708200007 -74.1280911529999,4.50551861300005 -74.1280769019999,4.50552922200006 -74.1280633599999,4.50553901800009 -74.1280507099999,4.50554810500006 -74.128039139,4.50555659000008 -74.1280356609999,4.50555927300007 -74.1278564489999,4.50572016400008 -74.1267905009999,4.50607465300004 -74.1267373259999,4.50621180400009 -74.1267727069999,4.50657526200007 -74.1267088579999,4.50714601400006 -74.1269868459999,4.50849727600007 -74.1270824039999,4.50932610600006 -74.1272953759999,4.51001917900004 -74.1273121879999,4.51069252300005 -74.1271370499999,4.51140399200006 -74.1269591749999,4.51212935200004 -74.1266770339999,4.51320593400004 -74.1264117109999,4.51374050400005 -74.1259847249999,4.51464763600006 -74.1257783519999,4.51555779300008 -74.1259036979999,4.51759176900009 -74.1258863669999,4.51810192200008 -74.1256103039999,4.52016151100008 -74.1257802459999,4.52051268600007 -74.1261650139999,4.52086527200004 -74.1270298809999,4.52152443100005 -74.1273435379999,4.52182888400006 -74.1275802609999,4.52205866000008 -74.1280199479999,4.52290404300004 -74.1286707619999,4.52376730800006 -74.128881454,4.52410781900005 -74.1290023439999,4.52442646500009 -74.1288564299999,4.52471768800007 -74.1287011929999,4.52477551700008 -74.1275632689999,4.52499057800009 -74.1268079049999,4.52554229000009 -74.1267820779999,4.52556115400006 -74.1260402249999,4.52574597500006 -74.1255095729999,4.52604912400005 -74.1252531249999,4.52672022900009 -74.1250263739999,4.52716107000009 -74.1247865629999,4.52758551900007 -74.1241199299999,4.52748522400009 -74.1232132759999,4.52745905500007 -74.1230904519999,4.52920247800006 -74.1231228209999,4.53078082600007 -74.123065789,4.53233750700008 -74.1231177149999,4.53252986900009 -74.1232548499999,4.53299519800004 -74.1233331589999,4.53334258700005 -74.12339198,4.53352606100009 -74.1234507369999,4.53362436900005 -74.1235409469999,4.53374626400006 -74.1236764749999,4.53392112800009 -74.1237830829999,4.53405870100005 -74.1240466059999,4.53447678800006 -74.1240841819999,4.53456160700006 -74.1241252019999,4.53472629700008 -74.1241406689999,4.53505468300006 -74.124038476,4.53542643000009 -74.1240155279999,4.53556654100009 -74.1239959629999,4.53562331900008 -74.1238914509999,4.53591829900006 -74.1239045279999,4.53616074100006 -74.1239437179999,4.53631808600005 -74.1240423049999,4.53643355600008 -74.1240612359999,4.53645573200009 -74.1242179449999,4.53661957800006 -74.124413849,4.53689479500008 -74.124544522,4.53708491400005 -74.1246195989999,4.53733392600009 -74.1246587889999,4.53750433600004 -74.1247305459999,4.53808766800006 -74.1247828109999,4.53858575900006 -74.1249003169999,4.53899211700008 -74.1249721519999,4.53936570500008 -74.1249819199999,4.53970652300006 -74.1249754169999,4.54040122300006 -74.1249998659999,4.54150863100006 -74.1250014789999,4.54158094700006 -74.1250067569999,4.54160368600009 -74.1250667749999,4.54186272600009 -74.1251810479999,4.54212487600006 -74.1252398049999,4.54228222200004 -74.1253116459999,4.54248540000009 -74.1253442919999,4.54265581100009 -74.1253247239999,4.54276718000006 -74.1252658869999,4.54296378500004 -74.1252489239999,4.54300644000006 -74.1251614419999,4.54322592800008 -74.1250337769999,4.54350035500005 -74.1248871089999,4.54381581400008 -74.1248564179999,4.54400549900009 -74.1248545159999,4.54407612200009 -74.124906656,4.54421560000009 -74.1250046099999,4.54432704400006 -74.1252070669999,4.54444498800007 -74.1256119879999,4.54453024400004 -74.1258797499999,4.54462199000005 -74.1260071209999,4.54472030100004 -74.1260858569999,4.54482299400007 -74.1260778409999,4.54482178900008 -74.1238684409999,4.54448956700008 -74.1211480809999,4.54542955700009 -74.1201329709999,4.54432217800007 -74.1189994539999,4.54280821800006 -74.118932674,4.54273434600009 -74.1188428099999,4.54271718000007 -74.1187857389999,4.54267296900008 -74.1184379739999,4.54239604800006 -74.1182557909999,4.54216284900008 -74.1181947079999,4.54216122200006 -74.1180013939999,4.54220372400005 -74.1177316539999,4.54226465800008 -74.1177282749999,4.54225936000006 -74.1177054769999,4.54224784900009 -74.1176453099999,4.54220321500009 -74.1175976709999,4.54216797000009 -74.1174830379999,4.54208307700009 -74.1173541199999,4.54198688500009 -74.1172572909999,4.54194097800007 -74.1172223209999,4.54186428300005 -74.1171554039999,4.54172099000004 -74.1171423859999,4.54169422500007 -74.1170977739999,4.54160297800007 -74.1170792689999,4.54156491400005 -74.1170462649999,4.54153842800008 -74.1170446459999,4.54153595700006 -74.1170249429999,4.54152133500008 -74.1170219179999,4.54151886400007 -74.1170134019999,4.54151159000008 -74.1168905369999,4.54140699600009 -74.116878858,4.54139710600009 -74.1167835069999,4.54130119800004 -74.1166266579999,4.54113805700007 -74.1166180719999,4.54110564000007 -74.1163289389999,4.54064376500008 -74.1163012109999,4.54065230800006 -74.1161976929999,4.54063874300004 -74.1161796069999,4.54063641300007 -74.116127392,4.54063132500005 -74.1159575839999,4.54061514200009 -74.1158571669999,4.54058639600004 -74.1157724399999,4.54056209900006 -74.1157492199999,4.54051125000007 -74.1157366229999,4.54048921600008 -74.1157167809999,4.54045100900004 -74.115681031,4.54045305500006 -74.1156756139999,4.54041520100009 -74.1156584439999,4.54039987600004 -74.1156181919999,4.54038793700005 -74.1156048219999,4.54038786700005 -74.1155433869999,4.54040530800006 -74.1155047519999,4.54042197200005 -74.1154600649999,4.54042006300006 -74.1154274849999,4.54040530200007 -74.1154210099999,4.54040304100005 -74.1153889899999,4.54039159800004 -74.1153744949999,4.54039046800006 -74.1153257259999,4.54040204800009 -74.1152800529999,4.54041715900007 -74.1152597859999,4.54042951500008 -74.1152595769999,4.54042951500008 -74.1152587299999,4.54043007900009 -74.1152437409999,4.54044010900009 -74.1152331839999,4.54044010700005 -74.1152120039999,4.54044540300009 -74.1151961679999,4.54044540200005 -74.1151644319999,4.54042951000008 -74.1151379719999,4.54040825100009 -74.1151221409999,4.54039772700008 -74.1151167909999,4.54038713600005 -74.1150851239999,4.54038176600005 -74.1150481089999,4.54037646800009 -74.1150110229999,4.54038176200004 -74.1149635219999,4.54038712800008 -74.1149211579999,4.54039235100009 -74.114910602,4.54039771600009 -74.1148841409999,4.54039771500004 -74.1148789349999,4.54039234900006 -74.1148577529999,4.54038712300007 -74.1148449449999,4.54038493200005 -74.1148260169999,4.54038175200009 -74.1147995549999,4.54038711900006 -74.1147731649999,4.54039770900005 -74.1147678179999,4.54039770900005 -74.1147467029999,4.54040823000008 -74.1147307999999,4.54041889500007 -74.1147149649999,4.54043485400007 -74.1146937819999,4.54044537500005 -74.1146779499999,4.54045596600008 -74.1145987089999,4.54048781400007 -74.1145510669999,4.54050369900006 -74.1145246049999,4.54050906700007 -74.11448759,4.54051435900004 -74.1144399469999,4.54051435700006 -74.1144030039999,4.54050369200007 -74.1143765429999,4.54050369000009 -74.1143553609999,4.54049846400005 -74.1143342499999,4.54049846300006 -74.1143131389999,4.54049309500004 -74.1142654959999,4.54049309200008 -74.114249663,4.54049845800006 -74.1142073699999,4.54049845600008 -74.1141755609999,4.54049308700007 -74.1141121559999,4.54047189700009 -74.1140932979999,4.54046370300006 -74.1140048409999,4.54043177700004 -74.1138292659999,4.54040387300006 -74.113498305,4.54043937700004 -74.1132539719999,4.54044345900007 -74.1131757209999,4.54038759500008 -74.1130684079999,4.54034239200007 -74.112897545,4.54032048900007 -74.1126657369999,4.54035550400005 -74.1125674979999,4.54037710800009 -74.1125845879999,4.54051884500007 -74.112610474,4.54073480700009 -74.1125987929999,4.54072435400008 -74.1126251029999,4.54088537000007 -74.1126459229999,4.54106884500004 -74.1126559099999,4.54115634500005 -74.1127032629999,4.54131559800004 -74.1126269759999,4.54133056500007 -74.112651534,4.54139257300005 -74.1126454789999,4.54146368700009 -74.1126230939999,4.54155500000007 -74.1125637869999,4.54162336100006 -74.1125038749999,4.54169242000006 -74.1123824149999,4.54168281000005 -74.1118731509999,4.54133412400006 -74.1116925139999,4.54122669900005 -74.1114486129999,4.54105677200005 -74.1112443289999,4.54093896400008 -74.1109978249999,4.54079615300009 -74.1108136689999,4.54067029600009 -74.1107519559999,4.54062827300004 -74.1107195139999,4.54060588400006 -74.1107577569999,4.54058173000004 -74.1107749699999,4.54057085900007 -74.1101266539999,4.53997702000004 -74.1100613639999,4.53994363100009 -74.1097787679999,4.53980023100007 -74.1096127579999,4.53971599200008 -74.1091996139999,4.53954174400008 -74.1087963239999,4.53935959000006 -74.1083732499999,4.53932192300005 -74.1078928129999,4.53942782400009 -74.1074105469999,4.53954071700008 -74.1073472239999,4.53953496400004 -74.1069968419999,4.53950313700005 -74.1066123249999,4.53946820800007 -74.106472101,4.53903691700009 -74.1061695199999,4.53873908700007 -74.1057468929999,4.53837055800005 -74.1054441089999,4.53797732200007 -74.1051385079999,4.53762440800006 -74.1034057269999,4.53684456400009 -74.1029276459999,4.53651296600009 -74.1020398789999,4.53689757500007 -74.1015548599999,4.53715022300008 -74.1013917619999,4.53681913800006 -74.1010690649999,4.53645358000006 -74.100705279,4.53693165800007 -74.1000937559999,4.53685668500009 -74.0998711309999,4.53641648700005 -74.0996014979999,4.53599606200004 -74.0992321439999,4.53564208100005 -74.0989713019999,4.53530746000007 -74.0985884379999,4.53494048300007 -74.0981482649999,4.53494581900009 -74.0983142949999,4.53554286000008 -74.0986071319999,4.53620834300006 -74.0987042099999,4.53667261400005 -74.0988436449999,4.53721160300006 -74.0993911249999,4.53737880500006 -74.0996646249999,4.53783976700009 -74.0998942449999,4.53789783600007 -74.1000371309999,4.53841309700005 -74.1002183099999,4.53879757100009 -74.1003581869999,4.53912978100004 -74.1005507659999,4.53950571400009 -74.1006111199999,4.53986093900005 -74.1008024899999,4.54042415600009 -74.1013532009999,4.54071423500005 -74.1011866129999,4.54095708900007 -74.1019511339999,4.54194421300008 -74.1021366789999,4.54234224800007 -74.1023453049999,4.54274303700009 -74.102920331,4.54352753500007 -74.1031475359999,4.54393213700007 -74.1034882889999,4.54479571400009 -74.1037132199999,4.54551797000005 -74.1032223009999,4.54551391200005 -74.1027942849999,4.54566282200005 -74.1023943439999,4.54587938800006 -74.1023157309999,4.54595312400005 -74.1022974079999,4.54597030700006 -74.1022648499999,4.54600084600008 -74.1013852839999,4.54571999300009 -74.100949984,4.54538218300007 -74.1004547139999,4.54520693700005 -74.1002941489999,4.54487973700009 -74.0997503369999,4.54452864000007 -74.0994298499999,4.54373928600006 -74.0991079869999,4.54345487100005 -74.0986013389999,4.54303823900005 -74.0986373089999,4.54290257900004 -74.0983595409999,4.54209444000008 -74.0978071719999,4.54139998400007 -74.0981152169999,4.54105502500005 -74.0984518299999,4.54074587100007 -74.0988105409999,4.54042732700009 -74.098543247,4.53978501000006 -74.0983060539999,4.53937892100009 -74.097809347,4.53873460800008 -74.0976536989999,4.53946185000007 -74.0974967589999,4.53961593200006 -74.0969985019999,4.53990784200005 -74.096793079,4.53909857900004 -74.0963199959999,4.53874451800004 -74.0959821709999,4.53836610400009 -74.0957766429999,4.53799843500008 -74.0956603739999,4.53731954700004 -74.0958553319999,4.53696532700008 -74.0957478139999,4.53684957200005 -74.0956851369999,4.53654737900007 -74.0953432669999,4.53571677900004 -74.0952207099999,4.53533428400004 -74.0952256179999,4.53468231300008 -74.0952303629999,4.53428874300005 -74.0951419269999,4.53404721000004 -74.0952433559999,4.53375590800005 -74.0953137219999,4.53294575000007 -74.0951901919999,4.53240845500005 -74.0950737009999,4.53186367500007 -74.0949633289999,4.53138054900006 -74.0948279079999,4.53082312500004 -74.094513704,4.52993468800008 -74.0943456679999,4.52891829700008 -74.0943393649999,4.52856222600008 -74.0943585469999,4.52803821900005 -74.0945666459999,4.52788710900006 -74.0945438899999,4.52734007700008 -74.0943771519999,4.52685546100008 -74.0944002429999,4.52585942400009 -74.0943641779999,4.52542743200007 -74.0941187959999,4.52456004500004 -74.0937249419999,4.52445683500008 -74.0935519879999,4.52425823500005 -74.0934513959999,4.52378930400005 -74.0934248289999,4.52337581400008 -74.0935476579999,4.52297879500009 -74.093772526,4.52256568100006 -74.0937344119999,4.52223220600007 -74.0937769519999,4.52179188700006 -74.0938090779999,4.52134182100008 -74.0938911679999,4.52089274900004 -74.0939595299999,4.52045914200005 -74.0939531579999,4.52007828300009 -74.0938216769999,4.51959190400004 -74.09395774,4.51911571800008 -74.094011125,4.51857992100008 -74.0940317149999,4.51806784900009 -74.0940843039999,4.51777244600004 -74.094367556,4.51764026700005 -74.0947976019999,4.51739701200006 -74.0949134549999,4.51727234600008 -74.0948624229999,4.51727321900006 -74.0942824349999,4.51727797400008 -74.0943558399999,4.51717141300009 -74.0944649299999,4.51694599900009 -74.0942920329999,4.51695029200005 -74.0940111859999,4.51696185200007 -74.0938501819999,4.51695851900007 -74.0937254849999,4.51696924500004 -74.0935922749999,4.51696640900008 -74.0934569539999,4.51697119900007 -74.0933739859999,4.51697783100008 -74.0932487999999,4.51697909100005 -74.093149508,4.51698021200008 -74.0928167979999,4.51698505700006 -74.0926113179999,4.51700721600008 -74.0922805099999,4.51700980200008 -74.092193602,4.51700612100007 -74.0921303399999,4.51700611600006 -74.0920154269999,4.51701465200006 -74.0918945999999,4.51701231000004 -74.0917898899999,4.51701138500005 -74.0916758199999,4.51702112000004 -74.0914857509999,4.51702590500008 -74.0913273499999,4.51702758800008 -74.0911746469999,4.51703167000005 -74.0911285559999,4.51702961900008 -74.0910162439999,4.51703617600009 -74.0909870419999,4.51703553800007 -74.0909870419999,4.51703193600008 -74.0909074539999,4.51703496600004 -74.0909110399999,4.51704880900007 -74.0907869089999,4.51704237000007 -74.0907878979999,4.51699103000004 -74.0907200589999,4.51701609500009 -74.0906328029999,4.51702053600008 -74.0904092359999,4.51702023300004 -74.0903316919999,4.51699409800005 -74.0902053829999,4.51693857800007 -74.0899376079999,4.51713113900007 -74.0899293049999,4.51712605200004 -74.0897969399999,4.51713303300005 -74.0895551629999,4.51709568800004 -74.0900465749999,4.51753679500007 -74.0902895349999,4.51785729400007 -74.0905365059999,4.51818273600009 -74.0907788179999,4.51866926600007 -74.0908984569999,4.51936630500006 -74.0908986679999,4.51936694100004 -74.0909067579999,4.51939738000004 -74.0909201249999,4.51942591100004 -74.0909248389999,4.51943368000008 -74.0910749899999,4.51966667300007 -74.0910706949999,4.51968404400009 -74.0892933199999,4.51934229500006 -74.0871514389999,4.51890665300004 -74.0850197639999,4.51847150000009 -74.0818918179999,4.51781760100005 -74.0817916419999,4.51823051200006 -74.0829040869999,4.51854312000006 -74.0828071679999,4.51874720300009 -74.0845636269999,4.51922710200006 -74.086971048,4.52004109100005 -74.0869279019999,4.52014144200007 -74.08701192,4.52018904800008 -74.0870917849999,4.52023439300007 -74.0871643339999,4.52027550100007 -74.0872370209999,4.52031675200004 -74.0873261059999,4.52036725400006 -74.0873747279999,4.52039486900009 -74.0876066559999,4.52052645800006 -74.0876671009999,4.52056071500004 -74.0878203589999,4.52064773400008 -74.0877356989999,4.52069158100005 -74.0875784859999,4.52077680700006 -74.0874208559999,4.52079084600007 -74.0872621599999,4.52091526700008 -74.0872705179999,4.52108821900009 -74.0871958419999,4.52123107700004 -74.0871076609999,4.52133657700006 -74.0871096919999,4.52142937300005 -74.0871164279999,4.52163219700009 -74.0871943839999,4.52179103300006 -74.0872261079999,4.52193707800006 -74.0872201129999,4.52207718900007 -74.0871887139999,4.52221567500004 -74.0870979999999,4.52230613200004 -74.0869312179999,4.52237553600008 -74.0867948339999,4.52242015700006 -74.0867041189999,4.52251181400004 -74.0865986239999,4.52260841300006 -74.0864920809999,4.52265346200005 -74.0864002429999,4.52269582400004 -74.0863318369999,4.52276170700009 -74.0862851019999,4.52287300200004 -74.0861616619999,4.52298845600006 -74.086107964,4.52304247600006 -74.0859664419999,4.52311583900007 -74.0858145819999,4.52313100700007 -74.085678276,4.52312739400008 -74.0854530339999,4.52298019700004 -74.0853502269999,4.52294141800007 -74.0853298149999,4.52299925500006 -74.0853801139999,4.52315519000007 -74.0854144389999,4.52331154900008 -74.0854455979999,4.52347828800009 -74.0854220789999,4.52365801500008 -74.0854112329999,4.52374071200006 -74.0853502839999,4.52383399600006 -74.0852966559999,4.52389147600007 -74.0851770939999,4.52391957100008 -74.0850774499999,4.52391398400005 -74.0850447199999,4.52399046400006 -74.0849506979999,4.52408452100008 -74.084851608,4.52416367700005 -74.0847566019999,4.52421882300007 -74.0846523799999,4.52426839100008 -74.084599593,4.52436718400008 -74.0845207709999,4.52442642800008 -74.0844469509999,4.52445113700009 -74.0843394949999,4.52445606900005 -74.0842899539999,4.52444349400008 -74.0843215399999,4.52457810300007 -74.0843523509999,4.52467824600006 -74.0843904049999,4.52484950500008 -74.0844417669999,4.52494696700006 -74.0844495539999,4.52520028600009 -74.0844073929999,4.52531143800007 -74.0842520659999,4.52548381000008 -74.0841726159999,4.52551438100005 -74.0841058359999,4.52549876600006 -74.0840534839999,4.52545992100005 -74.0839971179999,4.52544522600004 -74.0840146329999,4.52551479000005 -74.0839883769999,4.52561874100007 -74.0839343229999,4.52571513300006 -74.0838751279999,4.52583709000004 -74.0838321909999,4.52596999500008 -74.0838093089999,4.52607267600007 -74.0837631439999,4.52610706400009 -74.0836340079999,4.52616983300004 -74.0835415409999,4.52617773300005 -74.0834628679999,4.52614185100009 -74.0834660969999,4.52623810900008 -74.0834692489999,4.52638033900007 -74.0834295579999,4.52639848400008 -74.0833696649999,4.52648138800009 -74.0834251739999,4.52661543100004 -74.0834183389999,4.52672228000006 -74.0833991229999,4.52677354900004 -74.0833751189999,4.52683802400009 -74.0833098059999,4.52694168900007 -74.0832656059999,4.52701612000004 -74.0831355549999,4.52708821100009 -74.0830868499999,4.52716278300005 -74.0830334289999,4.52728452700006 -74.0829684639999,4.52740309300009 -74.0828997719999,4.52751028900008 -74.0828590159999,4.52762829500006 -74.0828493609999,4.52776656800006 -74.0826562009999,4.52768003900007 -74.0822938779999,4.52751764500005 -74.0821119089999,4.52743408300006 -74.0820848189999,4.52740809100004 -74.0820538579999,4.52738739700004 -74.0820197979999,4.52737242200004 -74.0819837689999,4.52736366100004 -74.0819317669999,4.52736217300009 -74.0811043849999,4.52697226300006 -74.0804752299999,4.52668413700007 -74.0801738469999,4.52654604200006 -74.080026314,4.52690435700009 -74.0799440389999,4.52702525200004 -74.0799208849999,4.52705801800005 -74.0798622549999,4.52714127300004 -74.0798250249999,4.52720002700005 -74.0798427519999,4.52726288300005 -74.0798597049999,4.52732580700007 -74.0798858029999,4.52742284200008 -74.0799108449999,4.52751620600009 -74.0799419379999,4.52763160400008 -74.0800237659999,4.52775590600004 -74.0803013359999,4.52818474500009 -74.0805637269999,4.52839260900009 -74.0807584199999,4.52863196200008 -74.080977963,4.52877499100009 -74.0810854879999,4.52876320900009 -74.0812218569999,4.52887727400008 -74.0813383819999,4.52897537800004 -74.0814442819999,4.52906437400009 -74.0815470129999,4.52915075300007 -74.0816642429999,4.52924935100009 -74.0818098249999,4.52938135400007 -74.0818753189999,4.52960466500008 -74.0818352679999,4.52970889800008 -74.0817225859999,4.52989398500006 -74.0817597339999,4.52997004700006 -74.0817719009999,4.53005465200005 -74.0817535229999,4.53015592000008 -74.0817254369999,4.53023232900006 -74.0816528069999,4.53031558400005 -74.0815969309999,4.53032603100007 -74.0814748399999,4.53029000200007 -74.0814369779999,4.53033795100009 -74.0813326779999,4.53043688000008 -74.0812699059999,4.53044640900009 -74.0812210009999,4.53040734800004 -74.0811992609999,4.53035628700007 -74.0811569049999,4.53030338800005 -74.0810910279999,4.53037612300005 -74.0810288169999,4.53041100200005 -74.0808291789999,4.53038923100007 -74.0807980799999,4.53033040100007 -74.0807756399999,4.53024501800007 -74.0807284869999,4.53028858500005 -74.0806799289999,4.53031492200006 -74.0806285569999,4.53032303900005 -74.0805519979999,4.53027670300008 -74.0805157539999,4.53029590900007 -74.0805504079999,4.53067712500007 -74.0805233749999,4.53080049600004 -74.0804627799999,4.53085818800008 -74.0803764999999,4.53089009900009 -74.0803030289999,4.53093091100004 -74.0802000759999,4.53093563300007 -74.0801224609999,4.53089162700007 -74.0800722909999,4.53085038000006 -74.0799931259999,4.53083970900008 -74.0799290869999,4.53084464500006 -74.0798830589999,4.53088362200009 -74.0798774189999,4.53099280200007 -74.0798902839999,4.53111406100004 -74.0798883029999,4.53122882000008 -74.0799088399999,4.53133277500007 -74.0799585789999,4.53145890900009 -74.0799477339999,4.53154061600009 -74.0799209149999,4.53162281600004 -74.0798602499999,4.53167577700009 -74.0798326599999,4.53172238300004 -74.0797993629999,4.53182068500007 -74.079786753,4.53197823700009 -74.0797716179999,4.53201524400009 -74.0797303149999,4.53204726100006 -74.0796895049999,4.53207889900006 -74.0796908859999,4.53204481600005 -74.0797041549999,4.53199650400006 -74.0797174029999,4.53194589600008 -74.0797306079999,4.53189069900009 -74.0797415919999,4.53184240600007 -74.0797571679999,4.53179636400006 -74.0797727029999,4.53174573500007 -74.0797814219999,4.53169976000004 -74.0797855229999,4.53164923500009 -74.0797850319999,4.53159646300008 -74.0797686419999,4.53155531200008 -74.0797361189999,4.53150054500009 -74.0797036379999,4.53145036500007 -74.0796689359999,4.53140709200005 -74.0796364349999,4.53135461800008 -74.0796154509999,4.53131121600006 -74.0795874789999,4.53125410900009 -74.0795665379999,4.53121529500004 -74.0795385659999,4.53115818900005 -74.079508287,4.53109881100005 -74.0794872589999,4.53105082100006 -74.0794661899999,4.53099824100008 -74.079449715,4.53094791100006 -74.0794355689999,4.53090214900004 -74.0794213809999,4.53085179800007 -74.0794094349999,4.53079683800007 -74.0794020839999,4.53074412900008 -74.0793902019999,4.53069604900008 -74.0793806499999,4.53065254100005 -74.0793846899999,4.53059513500006 -74.0793888339999,4.53054920100004 -74.0794066539999,4.53049854900007 -74.0794359289999,4.53045008500004 -74.0794538359999,4.53040861300008 -74.0794761659999,4.53035103400009 -74.0794893469999,4.53029354400007 -74.0795003739999,4.53024984100006 -74.0794998799999,4.53019706700007 -74.0794948389999,4.53014663100009 -74.0794646659999,4.53009872300004 -74.0794346229999,4.53006458500005 -74.0793864359999,4.53004668000005 -74.0793383589999,4.53004024600006 -74.0792905149999,4.53005905300006 -74.0792360269999,4.53010087000007 -74.0792020089999,4.53013101900007 -74.0791612159999,4.53017041300006 -74.0791295059999,4.53020283800009 -74.0790955959999,4.53024446100005 -74.0790616619999,4.53028378900007 -74.0790346549999,4.53032993800008 -74.0789873669999,4.53040840100005 -74.0789627519999,4.53046600100009 -74.0789404219999,4.53052357800004 -74.0789134769999,4.53057661100007 -74.0788910399999,4.53062271500005 -74.0788595659999,4.53068038000009 -74.0788325789999,4.53072882000009 -74.0788055699999,4.53077496900005 -74.0787741589999,4.53083951600007 -74.0787471499999,4.53088566300005 -74.0787269569999,4.53092715800005 -74.0786953959999,4.53097564200004 -74.0786774899999,4.53101711600004 -74.0786550539999,4.53106322200006 -74.0786372099999,4.53111157800009 -74.0786170399999,4.53115536700005 -74.0785991759999,4.53120142900008 -74.0785745619999,4.53125902700009 -74.078552209,4.53131431000008 -74.0785366959999,4.53136723500006 -74.0785302449999,4.53141089500008 -74.0785352439999,4.53145674200005 -74.0785471469999,4.53150711400008 -74.0785475749999,4.53155300600008 -74.0785435799999,4.53161500100009 -74.0785418489999,4.53167467900005 -74.0785331949999,4.53172754000008 -74.0785203309999,4.53181945000006 -74.0785162509999,4.53187226600005 -74.0785099479999,4.53193198900004 -74.0785058439999,4.53198251000009 -74.0784995209999,4.53203993800008 -74.0784885799999,4.53209281900007 -74.0784730239999,4.53214115400004 -74.0784483019999,4.53218727800004 -74.0784167639999,4.53223805900006 -74.0783759059999,4.53227057000009 -74.0783234059999,4.53228024000009 -74.0782686399999,4.53229222800007 -74.0782160499999,4.53229272200008 -74.0781611989999,4.53229553100005 -74.0781155339999,4.53230284300008 -74.0780652989999,4.53231019800006 -74.0780220059999,4.53232666900004 -74.0779672389999,4.53233865700008 -74.0779238609999,4.53234594900005 -74.0778782419999,4.53235785000004 -74.0778281119999,4.53237667800005 -74.0777871059999,4.53239312700009 -74.0777391329999,4.53239816600006 -74.0776932359999,4.53238023800009 -74.077651865,4.53235768100006 -74.077598915,4.53231916600009 -74.0775620109999,4.53228509100006 -74.0775522969999,4.53226886600004 -74.0775387849999,4.53224630000005 -74.0774970949999,4.53218932100009 -74.0774691869999,4.53213910100004 -74.0774275409999,4.53208671200008 -74.0773928799999,4.53204802700009 -74.0773628379999,4.53201389000009 -74.0773212959999,4.53197297400004 -74.0772912729999,4.53194113100005 -74.0772521489999,4.53191395900006 -74.0772016129999,4.53188919300004 -74.0771511839999,4.53187589800007 -74.0771076769999,4.53186942000008 -74.0770437239999,4.53187690700008 -74.0770003659999,4.53188649200007 -74.0769524599999,4.53189841400007 -74.0768954909999,4.53191960200007 -74.0768432049999,4.53195221800007 -74.0767954459999,4.53198020400009 -74.0767521759999,4.53199896800004 -74.0767020449999,4.53201779500006 -74.0766587099999,4.53202967600009 -74.0765993279999,4.53203711600008 -74.0765556729999,4.53201457900008 -74.0765276159999,4.53194829500006 -74.0765134689999,4.53190253400004 -74.0765152439999,4.53184744300006 -74.0765262479999,4.53180144700008 -74.0765485129999,4.53173698500007 -74.0765686429999,4.53168860800008 -74.0765933449999,4.53164018600006 -74.0766316779999,4.53158246000004 -74.0766813369999,4.53151315100007 -74.0767106329999,4.53146698300009 -74.0767375549999,4.53141165500006 -74.0767576649999,4.53136098300007 -74.0767822149999,4.53129650100004 -74.0768134539999,4.53121359900007 -74.0768313399999,4.53116983000007 -74.0768515109999,4.53112604200004 -74.0768739689999,4.53108223100008 -74.0768941419999,4.53103844300006 -74.0769188859999,4.53099461000005 -74.0769413209999,4.53094850600007 -74.0769615359999,4.53090930500008 -74.0769863219999,4.53087006300007 -74.0770134389999,4.53083538900006 -74.0770495299999,4.53078227000009 -74.0770901489999,4.53072452100008 -74.0771354729999,4.53068049700005 -74.0771944059999,4.53062487100004 -74.0772329959999,4.53059467800006 -74.0772692989999,4.53056450500009 -74.0773101999999,4.53053658200008 -74.0773511629999,4.53051554800004 -74.0773920599999,4.53048762700007 -74.0774487299999,4.53043431600008 -74.077471123,4.53038362100006 -74.0774934739999,4.53032834000004 -74.0774999249999,4.53028468000008 -74.0775017199999,4.53023188300006 -74.0775035579999,4.53018367600009 -74.0775076809999,4.53013544900006 -74.0775094769999,4.53008265400007 -74.0775136429999,4.53003901600005 -74.0775154149999,4.52998392600006 -74.0775263979999,4.52993563400008 -74.0775464429999,4.52987807800008 -74.0775525479999,4.52986313600007 -74.0775643279999,4.52983431100006 -74.0775845199999,4.52979281600005 -74.0776046899999,4.52974902500006 -74.0776385169999,4.52969822600005 -74.0776632819999,4.52965668700006 -74.0776903779999,4.52961971800005 -74.0777220239999,4.52958041200009 -74.0777514249999,4.52954571400005 -74.0777922159999,4.52950632100004 -74.0778420889999,4.52945995800007 -74.0778783499999,4.52942519700008 -74.0779191009999,4.52938121500006 -74.0779507249999,4.52933961300005 -74.0779755319999,4.52930266400006 -74.0780478409999,4.52921019800004 -74.0780748509999,4.52916405000008 -74.0781039329999,4.52909493500005 -74.0781194459999,4.52904201000007 -74.0781327379999,4.52899599200009 -74.0781391239999,4.52894544800006 -74.0781385919999,4.52888808500006 -74.0781335699999,4.52883994200005 -74.0781239119999,4.52878496000005 -74.0781188899999,4.52873682000006 -74.0781093359999,4.52869330900006 -74.0780995499999,4.52862455800005 -74.0780945479999,4.52857871200007 -74.0780940999999,4.52853052600005 -74.0780982659999,4.52848688700004 -74.0781137789999,4.52843396400004 -74.0782089739999,4.52834357600005 -74.0782475429999,4.52831108800007 -74.0782884849999,4.52828775700004 -74.0783407719999,4.52825514000006 -74.0783862639999,4.52822947000004 -74.0784272479999,4.52821072800009 -74.0784773359999,4.52818731200006 -74.0785320159999,4.52816614600005 -74.0785821679999,4.52814961100006 -74.0786277239999,4.52813082600005 -74.0786709729999,4.52810976800009 -74.0787117199999,4.52806578600007 -74.0787546919999,4.52801489800004 -74.07879091,4.52797554800009 -74.0788518729999,4.52789236700005 -74.0788811899999,4.52784849200009 -74.0789082429999,4.52780693200009 -74.0789238199999,4.52776089000008 -74.0789461489999,4.52770331300007 -74.0789640329999,4.52765954700004 -74.0789795889999,4.52761121100008 -74.0789859769999,4.52756066700005 -74.078960273,4.52750124700009 -74.0789050769999,4.52746734400006 -74.0788703959999,4.52742636500005 -74.0788562729999,4.52738289800004 -74.078855373,4.52728652700006 -74.0788480439999,4.52723611300007 -74.0788361199999,4.52718344500005 -74.0788081929999,4.52713093000006 -74.078777999,4.52708072900009 -74.0787478909999,4.52703970600004 -74.0786996189999,4.52701262400006 -74.0786469689999,4.52700623300007 -74.0785966679999,4.52700670500008 -74.0785579909999,4.52702772000009 -74.0785331839999,4.52706466900008 -74.0785382469999,4.52711739900008 -74.0785387829999,4.52717476300006 -74.0785483789999,4.52722286100004 -74.0785488489999,4.52727334100007 -74.078553913,4.52732607400009 -74.0785543629999,4.52737425800007 -74.0785250879999,4.52742272200004 -74.0784843389999,4.52746670300007 -74.0784457699999,4.52749919200005 -74.0784047859999,4.52751793400006 -74.0783545929999,4.52752988000009 -74.0783042719999,4.52752805500006 -74.0782514269999,4.52750101600009 -74.0781962109999,4.52746481800006 -74.0781571519999,4.52744453300005 -74.0781089229999,4.52742203700006 -74.0780151809999,4.52742291800007 -74.0779674029999,4.52744860600006 -74.0779287889999,4.52747650700007 -74.0778833189999,4.52750447000005 -74.0778309439999,4.52752790900007 -74.0777877179999,4.52755126300008 -74.0777216699999,4.52757941900006 -74.0776644869999,4.52757766100007 -74.0776185679999,4.52755743900008 -74.0775726699999,4.52753951200009 -74.0775527909999,4.52753364500006 -74.0775199329999,4.52752394500004 -74.0774489689999,4.52751543000005 -74.0774080059999,4.52753646800005 -74.0773625149999,4.52756213600009 -74.0773124489999,4.52758784700006 -74.0772531519999,4.52760446800005 -74.0772144749999,4.52762548300007 -74.077171227,4.52764654200007 -74.0771256709999,4.52766532800007 -74.0770800689999,4.52767952400006 -74.0770345139999,4.52769830800008 -74.0769753029999,4.52772410500006 -74.0769251949999,4.52774522800007 -74.0768819259999,4.52776399100009 -74.0768432699999,4.52778730200009 -74.0768046579999,4.52781520100007 -74.0767592709999,4.52785234200007 -74.0767275399999,4.52788247200004 -74.0766798469999,4.52791734000004 -74.0766411939999,4.52794065000006 -74.0765954849999,4.52794337400007 -74.0765360389999,4.52794393200008 -74.0764902699999,4.52793977100009 -74.0764398399999,4.52792647600006 -74.0763939399999,4.52790855100005 -74.0763412469999,4.52789757200009 -74.0762770369999,4.52787751900007 -74.0762243639999,4.52786883600004 -74.0761717339999,4.52786473900005 -74.0761283329999,4.52786973700006 -74.0760850639999,4.52788850000007 -74.0760351269999,4.52792797900008 -74.0759965799999,4.52796276300006 -74.0759444419999,4.52801144100005 -74.075908179,4.52804620200004 -74.0758580289999,4.52806273500005 -74.0758077699999,4.52806779600007 -74.0757437749999,4.52807069000005 -74.0756980459999,4.52807112100004 -74.0756317629999,4.52807403600008 -74.0755334469999,4.52807495800005 -74.0754877619999,4.52807997700006 -74.0754214989999,4.52808518800009 -74.0753781439999,4.52809477300008 -74.075334746,4.52809976900005 -74.0752867309999,4.52810022000006 -74.0752318999999,4.52810532400008 -74.075188523,4.52811261500005 -74.0751428379999,4.52811763400007 -74.0750880079999,4.52812273800009 -74.0750378139999,4.52813468300008 -74.0749852679999,4.52813976400006 -74.0749304809999,4.52814945600005 -74.0748825319999,4.52815679000008 -74.0748368449999,4.52816181000009 -74.0747843669999,4.52817377500008 -74.0747295769999,4.52818346800007 -74.0746771419999,4.52820002100009 -74.0746337649999,4.52820731300005 -74.0745904519999,4.52822148800004 -74.074547117,4.52823336700004 -74.0744993149999,4.52825676500004 -74.0744560449999,4.52827552800005 -74.0744081389999,4.52828745100004 -74.0743489909999,4.52832013200009 -74.0743057629999,4.52834348300007 -74.0742419149999,4.52836244000008 -74.0741963789999,4.52838351900004 -74.074167084,4.52842969000005 -74.0741606519999,4.52847564500007 -74.0741588369999,4.52852614500006 -74.0741546889999,4.52857207800008 -74.0741556519999,4.52867533100004 -74.0741514849999,4.52871897000006 -74.0741473409999,4.52876490500006 -74.0741433229999,4.52882460300009 -74.0741437949999,4.52887508300006 -74.0741351379999,4.52892794400009 -74.0741264629999,4.52897850800008 -74.0741131729999,4.52902452800009 -74.0740794319999,4.52908450800004 -74.074041012,4.52913305500005 -74.0740116099999,4.52916775300008 -74.0739753919999,4.52920710200004 -74.0739322919999,4.52924422300009 -74.0738913279999,4.52926525800007 -74.0738365409999,4.52927495300008 -74.0737771149999,4.52927780500005 -74.0737244439999,4.52926911800006 -74.0736762359999,4.52924892000004 -74.0736393979999,4.52922172800004 -74.0736047599999,4.52918533700006 -74.073572409,4.52914892600006 -74.0735446289999,4.52911247100008 -74.0735145209999,4.52907144800008 -74.0734799059999,4.52903735300009 -74.0734337929999,4.52899647900006 -74.0733877449999,4.52896249000008 -74.0733050499999,4.52892196000005 -74.0732591739999,4.52890632800006 -74.073206437,4.52889076000008 -74.0731537629999,4.52888207300009 -74.0731079939999,4.52887791500007 -74.0730645099999,4.52887373300007 -74.0730073079999,4.52886968000007 -74.0729592279999,4.52886324800005 -74.072908906,4.52886142300008 -74.0728493959999,4.52885509600009 -74.0727944779999,4.52885102200008 -74.0724881029999,4.52885389700009 -74.0724332519999,4.52885670400008 -74.0723807069999,4.52886178700004 -74.0723327569999,4.52886912300005 -74.0722756389999,4.52887424600004 -74.0722117269999,4.52888631900009 -74.0721660849999,4.52889592700006 -74.0721158699999,4.52890557500007 -74.0720542869999,4.52892221600007 -74.0720040929999,4.52893416100005 -74.0719561629999,4.52894378800005 -74.0719036639999,4.52895346000008 -74.0718557339999,4.52896308900006 -74.0718123769999,4.52897267300006 -74.0717690429999,4.52898455300004 -74.0717188719999,4.52899879300008 -74.0716595729999,4.52901541200009 -74.0716025209999,4.52902742000009 -74.0715546349999,4.52904163700009 -74.0715021959999,4.52905819300008 -74.0714520459999,4.52907472700008 -74.0713950779999,4.52909591300005 -74.0712902039999,4.52912902300005 -74.0712377439999,4.52914328300005 -74.0711921239999,4.52915518400005 -74.0711419739999,4.52917171700005 -74.0710872489999,4.52918829200007 -74.0710416919999,4.52920707600009 -74.0709892969999,4.52922822100004 -74.0709346359999,4.52925168000007 -74.0708845489999,4.52927509800008 -74.0708345259999,4.52930539800008 -74.0707890759999,4.52933565500007 -74.0707527289999,4.52936123800009 -74.070698133,4.52939158100008 -74.0706481109999,4.52942188100008 -74.0706048399999,4.52944064500008 -74.0705638569999,4.52945938800008 -74.0705228919999,4.52948042200006 -74.0704773569999,4.52950150300006 -74.0704363519999,4.52951795000007 -74.0703930619999,4.52953441900007 -74.0703475029999,4.52955320500007 -74.0702996369999,4.52956971700007 -74.0702471349999,4.52957938500009 -74.0702037169999,4.52958208800004 -74.0701488229999,4.52958031000009 -74.0701052719999,4.52956924200009 -74.0700616399999,4.52954899900004 -74.0700180269999,4.52953105000006 -74.0699698419999,4.52951314500007 -74.0698322099999,4.52946624500004 -74.0697840459999,4.52945063300007 -74.0697289149999,4.52942361400005 -74.0696898349999,4.52940103400005 -74.0696438079999,4.52936933800004 -74.0695954729999,4.52933537100006 -74.0695586109999,4.52930588500004 -74.0695239739999,4.52926949400006 -74.0694801269999,4.52922630600006 -74.0694477779999,4.52918989400007 -74.0694177529999,4.52915804900005 -74.0693761939999,4.52911483900004 -74.0693461699999,4.52908299400008 -74.0693092919999,4.52905121500004 -74.0692701219999,4.52901945600007 -74.0692332629999,4.52898996900007 -74.0691941809999,4.52896738800007 -74.0691391149999,4.52894725100009 -74.0690886859999,4.52893395600006 -74.0689877859999,4.52890277500006 -74.0689418459999,4.52888025800007 -74.0688890019999,4.52885321800005 -74.06884994,4.52883293100007 -74.0687994039999,4.52880816400005 -74.0687534439999,4.52878335200006 -74.0687028429999,4.52875170000004 -74.0686705129999,4.52871758100008 -74.0686358099999,4.52867430900005 -74.0686011529999,4.52863562200008 -74.0685687599999,4.52859462100008 -74.0685499969999,4.52854431300005 -74.0685449759999,4.52849617100009 -74.0685444629999,4.52844110200004 -74.0685417699999,4.52839752700004 -74.0685407039999,4.52828280400007 -74.0685448709999,4.52823916500006 -74.0685444229999,4.52819097900004 -74.0685462389999,4.52814047800007 -74.0685526269999,4.52808993600007 -74.0685634199999,4.52802099300004 -74.0685766899999,4.52797267800008 -74.0685944249999,4.52791284800008 -74.0686210509999,4.52782539900005 -74.0686388939999,4.52777704300007 -74.0686522059999,4.52773332100008 -74.0686699209999,4.52767119500004 -74.0686853709999,4.52761139000006 -74.0686986199999,4.52756078100009 -74.0687141329999,4.52750785700005 -74.0687297529999,4.52746640600009 -74.0687475539999,4.52741345900006 -74.0687631739999,4.52737200800004 -74.0687831969999,4.52731215900008 -74.0687986859999,4.52725693900004 -74.0688120009999,4.52721321600006 -74.0688229429999,4.52716033600007 -74.0688361049999,4.52710055000006 -74.0688424529999,4.52704541700007 -74.0688556789999,4.52699251300004 -74.0688643979999,4.52694653800006 -74.0688798039999,4.52688214200009 -74.0688975619999,4.52682460600005 -74.0689130949999,4.52677397700006 -74.0689286519999,4.52672564200009 -74.0689644219999,4.52663810900009 -74.0689846369999,4.52659890700005 -74.0690070749999,4.52655280400006 -74.0690272889999,4.52651360300007 -74.0690610079999,4.52645132900005 -74.0690879109999,4.52639370900005 -74.069108104,4.52635221400004 -74.0691350909999,4.52630377500009 -74.0691597289999,4.52624847000004 -74.0691799439999,4.52620926900005 -74.0692046469999,4.52616084900006 -74.0692294539999,4.52612390000007 -74.06930202,4.52605896800009 -74.0693336889999,4.52602195600008 -74.0693745879999,4.52599403500005 -74.0693970669999,4.52595252100008 -74.0693943089999,4.52590206100007 -74.0693938839999,4.52585617200009 -74.0694071759999,4.52581015400006 -74.0694181569999,4.52576186200008 -74.0694337779999,4.52572041100007 -74.0694539499999,4.52567662100006 -74.0694854889999,4.52562584200007 -74.069517114,4.52558424000006 -74.0695442079999,4.52554727000006 -74.0695826069999,4.52549642700006 -74.0696120329999,4.52546402600007 -74.0696619479999,4.52542225400009 -74.0697097039999,4.52539426700008 -74.0697643009999,4.52536392400009 -74.0698005419999,4.52532687000007 -74.0698229989999,4.52528306000005 -74.0698476579999,4.52523004800008 -74.0698655229999,4.52518398900008 -74.0698742189999,4.52513571700007 -74.0698737499999,4.52508523700004 -74.0698846259999,4.52502547500006 -74.0698887929999,4.52498183600005 -74.069899818,4.52493813200005 -74.0699176389999,4.52488748000007 -74.0699353759999,4.52482765200006 -74.0699532189999,4.52477929600008 -74.0699710389999,4.52472864400005 -74.0699865519999,4.52467572000006 -74.070002025,4.52461820800005 -74.0700130069999,4.52456991600008 -74.0700194609999,4.52452625600006 -74.070030486,4.52448255300004 -74.0700391619999,4.52443198600008 -74.0700386489999,4.52437692000007 -74.0700199739999,4.52433578900008 -74.0699876239999,4.52429937600004 -74.0699461899999,4.52426993500006 -74.0699116399999,4.52424272000007 -74.0698725569999,4.52422014000007 -74.0698311469999,4.52419299100006 -74.0697943289999,4.52416809300007 -74.0697459509999,4.52412953800007 -74.0696629589999,4.52405688500005 -74.0696237279999,4.52401824200007 -74.0695959279999,4.52397949300007 -74.0695771019999,4.52392230100008 -74.0695721239999,4.52387874900006 -74.0695625509999,4.52383294400005 -74.0695552649999,4.52378711800009 -74.0695502009999,4.52373438600006 -74.0695451579999,4.52368394900009 -74.0695629369999,4.52362871100007 -74.0695945179999,4.52358252000005 -74.0696192839999,4.52354098300009 -74.0696486009999,4.52349710800007 -74.0696780059999,4.52346241200007 -74.0697074279999,4.52343001100007 -74.0697460409999,4.52340211200004 -74.0697960639999,4.52337181200005 -74.0698347389999,4.52335079500006 -74.0698848479999,4.52332967300009 -74.0699441009999,4.52330846600006 -74.0699896779999,4.52329197400007 -74.0700466259999,4.52326849400009 -74.0700944469999,4.52324739300008 -74.0701377179999,4.52322863100005 -74.0701855809999,4.52321211800006 -74.0702380179999,4.52319556500004 -74.0702813109999,4.52317909500005 -74.0703382549999,4.52315561400007 -74.0703997749999,4.52313208900006 -74.0704476379999,4.52311557800004 -74.0704954589999,4.52309447700009 -74.0705387089999,4.52307341900007 -74.0705773429999,4.52304781600009 -74.0706227059999,4.52300837900009 -74.0706589679999,4.52297361900008 -74.0706883699999,4.52293892100005 -74.0707012359999,4.52284701400009 -74.0707054009999,4.52280337500008 -74.0707049319999,4.52275289500005 -74.0706998459999,4.52269786900007 -74.0706924739999,4.52264286400009 -74.0706896749999,4.52258781900008 -74.0706873479999,4.52233771600004 -74.0706914919999,4.52229178200008 -74.0706932669999,4.52223669300008 -74.0706997189999,4.52219303400005 -74.0707128609999,4.52213095200005 -74.0707238439999,4.52208266000008 -74.0707324769999,4.52202750500004 -74.0707456839999,4.52197230900009 -74.0707589959999,4.52192858400008 -74.0707768379999,4.52188022800004 -74.0707946379999,4.52182728300005 -74.0708102589999,4.52178583200009 -74.0708303859999,4.52173745200008 -74.0708505379999,4.52169137000004 -74.0708683349999,4.52163842500005 -74.0708816279999,4.52159240500009 -74.0708971399999,4.52153948100005 -74.070910453,4.52149575600009 -74.0709304739999,4.52143590600008 -74.0709437229999,4.52138529900009 -74.0709523989999,4.52133473400005 -74.0709656909999,4.52128871500008 -74.0709789169999,4.52123581100005 -74.0709899199999,4.52118981500007 -74.0710031489999,4.52113691200009 -74.0710209049999,4.52107937700009 -74.0710341539999,4.52102877000004 -74.0710451589999,4.52098277000005 -74.0710582559999,4.52091610300005 -74.0710646879999,4.52087014700004 -74.0710733219999,4.52081499100007 -74.0710797739999,4.52077133100005 -74.0710998599999,4.52071836500005 -74.071113109,4.52066775600008 -74.071128686,4.52062171600005 -74.0711374049999,4.52057574000008 -74.0711460819999,4.52052517600009 -74.0711614659999,4.52045848600005 -74.071187876,4.52034809000008 -74.0712033899999,4.52029516700009 -74.0712212119999,4.52024451600005 -74.0712368299999,4.52020306500009 -74.0712568319999,4.52014092000007 -74.0712769589999,4.52009254200004 -74.0712993949999,4.52004643700008 -74.0713263409999,4.51999340600008 -74.0713533509999,4.51994725800006 -74.0713918969999,4.51991247500007 -74.0714305309999,4.51988687200009 -74.0714760449999,4.51986349700007 -74.0715238869999,4.51984469100006 -74.0715694879999,4.51983049500006 -74.0716218389999,4.51980476300008 -74.0716673089999,4.51977680000005 -74.0717149399999,4.51973504600005 -74.0717465209999,4.51968885600007 -74.0717712439999,4.51964273200008 -74.071791372,4.51959435300006 -74.0718023329999,4.51954376500004 -74.0718106239999,4.51945190200007 -74.0718101339999,4.51939912600005 -74.0718164579999,4.51934170000004 -74.0718182539999,4.51928890300007 -74.0718247049999,4.51924524400005 -74.0718287649999,4.51919013100007 -74.0718327839999,4.51913043300004 -74.0718368439999,4.51907532000007 -74.0718364159999,4.51902942900006 -74.0718428489999,4.51898347700006 -74.0718492159999,4.51893063600005 -74.0718556049999,4.51888009200007 -74.0718597069999,4.51882957100008 -74.0718638739999,4.51878593200007 -74.0718771659999,4.51873991300005 -74.0718881699999,4.51869391400004 -74.0718899859999,4.51864341400005 -74.0718917369999,4.51858603100004 -74.0718981059999,4.51853319200006 -74.0718999879999,4.51848957600009 -74.0719041109999,4.51844134800007 -74.0719059909999,4.51839772900007 -74.0719100929999,4.51834720800008 -74.0719086199999,4.51818888600008 -74.0719035769999,4.51813844900005 -74.0719008629999,4.51809257900004 -74.0718934479999,4.51803298800007 -74.0718930229999,4.51798709600007 -74.0718880429999,4.51794354500009 -74.0718806909999,4.51789083200009 -74.0718797299999,4.51778757900007 -74.0718838339999,4.51773705800008 -74.0718821879999,4.51756038000008 -74.0718770599999,4.51750076600007 -74.0718760349999,4.51739062800004 -74.0718732369999,4.51733558200004 -74.0718773599999,4.51728735500006 -74.0718791359999,4.51723226300004 -74.0718854809999,4.51717713200009 -74.0718840929999,4.51702798700006 -74.071890461,4.51697514800009 -74.0718945209999,4.51692003800008 -74.0718985999999,4.51686722100004 -74.0718976179999,4.51676167300008 -74.0719056519999,4.51664227300006 -74.0719138589999,4.51654122700006 -74.0719156729999,4.51649072700008 -74.0719142419999,4.51633699300004 -74.0719159949999,4.51627960900009 -74.0719200549999,4.51622449800004 -74.0719196299999,4.51617860700009 -74.0719237729999,4.51613267500005 -74.0719226849999,4.51601565200008 -74.0719290949999,4.51596740400009 -74.0719267429999,4.51571500800009 -74.071921701,4.51566457000007 -74.0719202269999,4.51550625000004 -74.071924394,4.51546261100009 -74.0719238379999,4.51540295300009 -74.0719211249999,4.51535708300008 -74.0719138379999,4.51531125800005 -74.0719110379999,4.51525620900009 -74.0719083249999,4.51521034200005 -74.0719010619999,4.51516680900005 -74.0718868959999,4.51511875400007 -74.071868133,4.51506844500005 -74.0718539669999,4.51502038900009 -74.0718375769999,4.51497923700009 -74.0718189019999,4.51493810900007 -74.0717954399999,4.51487407700006 -74.0717813169999,4.51483060900006 -74.0717580699999,4.51478952300005 -74.0717257189999,4.51475311100006 -74.0716841789999,4.51471219500007 -74.0716428549999,4.51469422400004 -74.0715970209999,4.51468318000008 -74.0715556939999,4.51466521100008 -74.0715075339999,4.51464959900005 -74.0714616559999,4.51463396700007 -74.0714043899999,4.51462302900006 -74.0713563349999,4.51461889000007 -74.0712968449999,4.51461485900006 -74.0712510559999,4.51460840500005 -74.0712052419999,4.51459965400005 -74.0711594089999,4.51458861100008 -74.0711159049999,4.51458213600006 -74.071070071,4.51457109000006 -74.0710196229999,4.51455550100007 -74.0709714369999,4.51453759600008 -74.0709232099999,4.51451509900005 -74.0708795789999,4.51449485500007 -74.0708266709999,4.51446093100009 -74.0707828899999,4.51442462800009 -74.0707528459999,4.51439048900005 -74.0707181449999,4.51434721300006 -74.0706810719999,4.51429478200009 -74.0706555599999,4.51425601200009 -74.0706254319999,4.51421269500008 -74.0705999179999,4.51417392400009 -74.0705720539999,4.51412829100008 -74.0705372899999,4.51407813100008 -74.0705095329999,4.51404397200008 -74.0704770969999,4.51399838300006 -74.0704423969999,4.51395510600008 -74.0704076519999,4.51390724200007 -74.0703844249999,4.51386845100006 -74.0703633789999,4.51381816500009 -74.0703469249999,4.51377012900008 -74.0703327589999,4.51372207300005 -74.0703116489999,4.51366490300006 -74.0702997259999,4.51361223600009 -74.0702854959999,4.51355729500006 -74.07027353,4.51350004100004 -74.0702662009999,4.51344962500008 -74.070254255,4.51339466300004 -74.0702445119999,4.51333050300008 -74.0702371619999,4.51327779400009 -74.0702271629999,4.51318609900005 -74.0702197699999,4.51312880000006 -74.0702170329999,4.51308063700009 -74.0702143429999,4.51303706200008 -74.0702133819999,4.51293380800007 -74.0702243419999,4.51288322100004 -74.0702329979999,4.51283036300009 -74.0702439809999,4.51278207000007 -74.070257206,4.51272916800008 -74.0702703919999,4.51267167600008 -74.0702767589999,4.51261883900008 -74.0702899439999,4.51256134500005 -74.0703141529999,4.51246015200007 -74.0703296659999,4.51240722800009 -74.0703451999999,4.51235659700006 -74.0703629789999,4.51230135900005 -74.0703740039999,4.51225765600009 -74.0703918239999,4.51220700400006 -74.0704165699999,4.51216317200004 -74.0704344099999,4.51211481600006 -74.0704522109999,4.51206187100007 -74.070467704,4.51200665300007 -74.0704855649999,4.51196059100005 -74.0704988359999,4.51191227600009 -74.0705121259999,4.51186625600008 -74.0705275969999,4.51180874400006 -74.0705409089999,4.51176502000004 -74.0705404409999,4.51171454000007 -74.0705216989999,4.51166652800009 -74.0705007389999,4.51162541900004 -74.0704569139999,4.51158452400006 -74.0704268489999,4.51154809200006 -74.0704036229999,4.51150929700009 -74.0703781109999,4.51147052700009 -74.0703434099999,4.51142725400007 -74.0703064659999,4.51138859000008 -74.0702536229999,4.51136154800008 -74.0702121919999,4.51133210600005 -74.0701616779999,4.51130963300005 -74.0701158429999,4.51129858800005 -74.0700653959999,4.51128299700008 -74.0700127229999,4.51127431400005 -74.0699646269999,4.51126558600009 -74.0699164839999,4.51125226600004 -74.0698592629999,4.51124592000008 -74.0697998379999,4.51124877100006 -74.0697588979999,4.51127210200008 -74.0697202439999,4.51129541200004 -74.0696702229999,4.51132571200009 -74.0696178919999,4.51135373800008 -74.069574686,4.51137938800008 -74.0695223589999,4.51140741500006 -74.0694792579999,4.51144453300009 -74.069443083,4.51148847200005 -74.0694023569999,4.51153474900008 -74.0693729559999,4.51156944600007 -74.0693458389999,4.51160411900008 -74.0693095779999,4.51163888000008 -74.0692710719999,4.51167825200008 -74.0692281009999,4.51172913900007 -74.0691964359999,4.51176615000008 -74.0691647469999,4.51180086900007 -74.0691216479999,4.51183798700009 -74.0690830799999,4.51187047500008 -74.0690399369999,4.51190300700006 -74.0690012829999,4.51192631700007 -74.0689486559999,4.51192221900004 -74.0689299599999,4.51187879500009 -74.0689272029999,4.51182833800004 -74.0689175669999,4.51177565000006 -74.0689034209999,4.51172988900009 -74.0688846819999,4.51168187300004 -74.0688682719999,4.51163842800008 -74.0688448529999,4.51157898500009 -74.0688261779999,4.51153785500009 -74.0688074399999,4.51148984100007 -74.0687817769999,4.51143500800009 -74.0687562209999,4.51139164800009 -74.0687329509999,4.51134826700007 -74.0687097029999,4.51130717900008 -74.0686841079999,4.51125923100005 -74.0686607519999,4.51120666900005 -74.0686374189999,4.51115640500007 -74.0686141489999,4.51111302400005 -74.0685954329999,4.51106730500004 -74.0685881669999,4.51102377200004 -74.0685785739999,4.51097567600004 -74.0685667149999,4.51092989100005 -74.0685456689999,4.51087960300009 -74.0685315429999,4.51083613800006 -74.0685173999999,4.51079037500006 -74.0685123559999,4.51073993900008 -74.0685096229999,4.51069177500005 -74.0685081259999,4.51053115900004 -74.0685100089999,4.51048754100009 -74.0685187249999,4.51044156600005 -74.0685274649999,4.51039788500009 -74.0685316109999,4.51035195100008 -74.0685379789999,4.51029911400008 -74.0685466329999,4.51024625300005 -74.0685484719999,4.51019804700007 -74.0685474659999,4.51009020400005 -74.0685424449999,4.51004206200008 -74.0685146679999,4.51000560700004 -74.0684778319999,4.50997841500009 -74.0684296259999,4.50995821400005 -74.0683769969999,4.50995412000009 -74.068324603,4.50997526100008 -74.0682769119999,4.51001012900008 -74.0682155219999,4.51004742200007 -74.0681700099999,4.51007079500005 -74.0681268049999,4.51009644100009 -74.0680858639999,4.51011977200005 -74.0680495159999,4.51014535500008 -74.0680040889999,4.51017790700007 -74.0679632119999,4.51020812200005 -74.0679222939999,4.51023374600004 -74.0678791729999,4.51026857100004 -74.0678428709999,4.51029874200009 -74.0677882529999,4.51032679200006 -74.0677449639999,4.51034326100006 -74.0676901549999,4.51035065800005 -74.0676418849999,4.51032357400004 -74.0675981469999,4.51029186000005 -74.0675521419999,4.51026245700007 -74.0675174839999,4.51022377400005 -74.0674896419999,4.51018043400006 -74.0674686809999,4.51013932500007 -74.0674407959999,4.51009139700005 -74.0674175489999,4.51005030900006 -74.0673806269999,4.51001394200006 -74.0673459899999,4.50997755000009 -74.0672706909999,4.50999431900004 -74.0672228689999,4.51001542000006 -74.0671841929999,4.51003643400009 -74.0671432959999,4.51006435400006 -74.0671070339999,4.51009911500006 -74.0670730809999,4.51013614800007 -74.0669959449999,4.51020112300006 -74.0669528039999,4.51023365400005 -74.0669027609999,4.51026165800005 -74.0668618409999,4.51028728500006 -74.0668141049999,4.51031756300006 -74.066775473,4.51034316700009 -74.0667277579999,4.51037573900004 -74.0666914099999,4.51040132200006 -74.0666390829999,4.51042934900005 -74.0665981189999,4.51045038700005 -74.0665549359999,4.51047832800009 -74.0664776709999,4.51052953500005 -74.0664367719999,4.51055745400009 -74.0663958319999,4.51058078500006 -74.0663389089999,4.51060656200008 -74.0662979249999,4.51062530400009 -74.0662523679999,4.51064408600007 -74.0662045049999,4.51066059800007 -74.0661611059999,4.51066559400005 -74.0658661699999,4.51066835800009 -74.0658204229999,4.51066649300009 -74.0656077929999,4.51066848400006 -74.0655437959999,4.51067137900009 -74.0654959339999,4.51068788900005 -74.0654502699999,4.51069520300007 -74.0653978569999,4.51071405200008 -74.0653500339999,4.51073515200005 -74.0653022359999,4.51075854500004 -74.0652589869999,4.51077960300006 -74.0652157579999,4.51080295600008 -74.0651247749999,4.51085429300008 -74.0650815489999,4.51087764500005 -74.0650428949999,4.51090095400008 -74.0649974459999,4.51093121000008 -74.0649497319999,4.51096378500006 -74.0649110969999,4.51098938800004 -74.0648679129999,4.51101733000007 -74.0648270159999,4.51104524900006 -74.0647792369999,4.51107093700006 -74.0647291509999,4.51109435400008 -74.0646834889999,4.51110166700005 -74.0646400699999,4.51110436700009 -74.0645966069999,4.51110248200007 -74.0645483599999,4.51107769100008 -74.0645160109999,4.51104127800005 -74.0644813519999,4.51100259300006 -74.0644534889999,4.51095696000004 -74.064430178,4.51090898700005 -74.0644092159999,4.51086788000009 -74.0643859049999,4.51081991000007 -74.0643603069999,4.51077195800008 -74.064337082,4.51073316700007 -74.0643115479999,4.51069210200006 -74.0642950099999,4.51063488900007 -74.064278494,4.51057997100008 -74.0642505669999,4.51052745300007 -74.0642204829999,4.51048872500007 -74.0641858229999,4.51045003800004 -74.0641330879999,4.51043447000006 -74.0640784079999,4.51045563300005 -74.0640630019999,4.51052003200004 -74.0640365479999,4.51062583600009 -74.0640209479999,4.51066958300004 -74.0639710319999,4.51071135200004 -74.0639416749999,4.51075063700006 -74.0639077609999,4.51079226200005 -74.0638670339999,4.51083853700004 -74.0638354319999,4.51088243500004 -74.0638083589999,4.51092169700007 -74.0637858579999,4.51096091700009 -74.0637726089999,4.51101152600006 -74.0637294879999,4.51104635000007 -74.0636794689999,4.51107665000006 -74.0636315189999,4.51108398400004 -74.0635857909999,4.51108441100007 -74.0635308749999,4.51108033500009 -74.0634735039999,4.51105792600009 -74.0634366669999,4.51103073500008 -74.0634111759999,4.51099426000007 -74.0633673949999,4.51095795300006 -74.0633328019999,4.51092615000005 -74.0632821809999,4.51089220600005 -74.0632225439999,4.51087211100008 -74.063178977,4.51085874900008 -74.0631261979999,4.51083859200008 -74.0630780349999,4.51082297800008 -74.0630278009999,4.51083033400005 -74.0630145099999,4.51087635200008 -74.0630057889999,4.51092232900004 -74.0629948289999,4.51097291500008 -74.062993032,4.51102571100006 -74.0629888649999,4.51106935100006 -74.0629531799999,4.51116606200009 -74.0629307649999,4.51121446100007 -74.0629082849999,4.51125597600009 -74.0628789039999,4.51129296800008 -74.0628264459999,4.51130722800008 -74.0627830489999,4.51131222300006 -74.0627439899999,4.51129193700007 -74.0626889479999,4.51127409300005 -74.0626362119999,4.51125852400008 -74.0625971309999,4.51123594300009 -74.0625442459999,4.51120431200007 -74.0624568529999,4.51115005800006 -74.0624177519999,4.51112518200006 -74.062369525,4.51110268700006 -74.0623260619999,4.51110079900008 -74.0622781999999,4.51111731000009 -74.0622235399999,4.51114077000005 -74.0621735389999,4.51117336300007 -74.0621303769999,4.51120359800007 -74.0620849269999,4.51123385600005 -74.0620463559999,4.51126634400009 -74.0620146909999,4.51130335600004 -74.0619740069999,4.51135421900005 -74.0619333839999,4.51141196800006 -74.0618971659999,4.51145131700008 -74.0618632559999,4.51149294100009 -74.061831589,4.51152995100006 -74.0617976119999,4.51156469200009 -74.0617341499999,4.51162494800008 -74.0617001529999,4.51165739300006 -74.0616684229999,4.51168752200005 -74.0616298529999,4.51172000900004 -74.0615843399999,4.51174338000004 -74.061543335,4.51175982900008 -74.0614999789999,4.51176941300008 -74.0614474369999,4.51177449500005 -74.0613947229999,4.51176121900005 -74.0613487829999,4.51173870400004 -74.0613073089999,4.51170467000009 -74.0612795299999,4.51166821500004 -74.0612585919999,4.51162940200004 -74.061228421,4.51158149400004 -74.0611983139999,4.51154047100005 -74.0611566489999,4.51148578900006 -74.0611242979999,4.51144937400005 -74.0610573779999,4.51138345600009 -74.0610113079999,4.51134717200006 -74.0609721189999,4.51131311600005 -74.0609283819999,4.51128140100008 -74.0608800719999,4.51124972600007 -74.0608297279999,4.51124560800008 -74.0607794279999,4.51124608000009 -74.0607290649999,4.51123966600005 -74.0606695779999,4.51123563500005 -74.06062148,4.51122690600005 -74.0605710519999,4.51121361000008 -74.0605274849999,4.51120025000006 -74.0604770339999,4.51118465800005 -74.0604334869999,4.51117359200009 -74.0603830389999,4.51115800100007 -74.0603370979999,4.51113548500007 -74.0603002599999,4.51110829300006 -74.0602586809999,4.51106278800006 -74.0602308819999,4.51102403800007 -74.0602076349999,4.51098295100007 -74.0601843039999,4.51093268500006 -74.0601609499999,4.51088012500009 -74.0601353949999,4.51083676400009 -74.0601074889999,4.51078654200006 -74.0600818899999,4.51073859300004 -74.0600494779999,4.51069529600005 -74.0600102039999,4.51065206300007 -74.0599596279999,4.51062270700004 -74.0599159739999,4.51060016700006 -74.0598562089999,4.51056630500005 -74.0598102269999,4.51053920000004 -74.0597596519999,4.51050984400007 -74.0597068509999,4.51048739000004 -74.059665504,4.51046712400006 -74.0596103569999,4.51043780900005 -74.0595712759999,4.51041522700007 -74.0595183899999,4.51038359500006 -74.0594701009999,4.51035421700004 -74.0594332849999,4.51032931900005 -74.0593987339999,4.51030210700009 -74.0593434779999,4.51026131900005 -74.0592882429999,4.51022282500008 -74.0592261489999,4.51018439700005 -74.0591778599999,4.51015501700005 -74.0591249759999,4.51012338600009 -74.0590743789999,4.51009173400007 -74.0590375619999,4.51006683600008 -74.0589915799999,4.51003973000007 -74.058947842,4.51000801400005 -74.0589132699999,4.50997850700008 -74.0588741249999,4.50994904100008 -74.0588235039999,4.50991509300007 -74.0587683129999,4.50988118900005 -74.0587246379999,4.50985635700005 -74.0586786549999,4.50982925100004 -74.058623527,4.50980222800007 -74.0585844259999,4.50977735400005 -74.0585407519999,4.50975252000006 -74.0584947669999,4.50972541400006 -74.0584510499999,4.50969599000007 -74.0584119049999,4.50966652700009 -74.0583589589999,4.50962801200006 -74.0583152409999,4.50959859100004 -74.0582783809999,4.50956910400009 -74.0582345999999,4.50953279700008 -74.0582000069999,4.50950099500005 -74.0581562259999,4.50946469000007 -74.0581102009999,4.50943299400006 -74.0580182769999,4.50938336900009 -74.0579630869999,4.50934946500007 -74.0579193899999,4.50932233900005 -74.0578780019999,4.50929748500005 -74.0578251589999,4.50927044100007 -74.0577769339999,4.50924794600007 -74.0577286659999,4.50922086100007 -74.057689605,4.50920057500008 -74.0576413579999,4.50917578300005 -74.0575861659999,4.50914187900008 -74.0575424709999,4.50911475300006 -74.0575033469999,4.50908758200006 -74.0574642649999,4.50906500100007 -74.0574251639999,4.50904012400008 -74.0573814469999,4.50901070100008 -74.0573400169999,4.50898125800006 -74.0573031369999,4.50894947800009 -74.0572685639999,4.50891997100007 -74.0572202109999,4.50888370600006 -74.0571764939999,4.50885428300006 -74.0571258949999,4.50882263100004 -74.0570867719999,4.50879546100009 -74.0570362169999,4.50876839800009 -74.0569970489999,4.50873663800007 -74.0569871389999,4.50872741500007 -74.0567938359999,4.50868262100005 -74.0566090499999,4.50867376600007 -74.0564638629999,4.50866491600004 -74.0562042879999,4.50861631100008 -74.0560893909999,4.50857072000008 -74.0560850869999,4.50852946600008 -74.056061757,4.50847920100006 -74.0560385299999,4.50844040800007 -74.0560152839999,4.50839932100007 -74.0559873849999,4.50834460400006 -74.0559679129999,4.50832112600006</coordinates></LinearRing></outerBoundaryIs></Polygon></MultiGeometry>
  </Placemark>
</Folder>
</Document></kml>
